,Compound,Date,Negative,Neutral,Positive,Tweets ago,tweet_text,twitter source account
0,-0.296,2018-04-09 21:24:38,0.167,0.833,0.0,0,"Tuesday's Telegraph: ""'Act now to stop chemical warfare'"" (via @hendopolis) #tomorrowspaperstoday https://t.co/GqHfSnjcgn",@BBCNews
1,-0.6597,2018-04-09 21:19:39,0.286,0.714,0.0,1,"Tuesday's i: ""UK plan to beat prostate cancer"" (via @hendopolis) #tomorrowspaperstoday https://t.co/pNt4PNOh8e",@BBCNews
2,-0.4019,2018-04-09 21:19:35,0.213,0.787,0.0,2,"Tuesday's Express: ""Revealed: shocking treatment of diabetics"" (via @hendopolis) #tomorrowspaperstoday https://t.co/1OKXl4NpkF",@BBCNews
3,0.0,2018-04-09 21:07:56,0.0,1.0,0.0,3,"Tuesday's Metro: ""Shrine to burglar... outside OAP's home"" (via @hendopolis) #tomorrowspaperstoday https://t.co/2nWGX6Te7V",@BBCNews
4,-0.3182,2018-04-09 21:07:48,0.141,0.859,0.0,4,"Tuesday's FT: ""Russian stocks battered by new US sanctions and Syria conflict"" (via @hendopolis)‚Ä¶ https://t.co/ciZYUqNq6c",@BBCNews
5,0.0,2018-04-09 20:34:30,0.0,1.0,0.0,5,"RT @BBCBreaking: FBI raids offices of President Trump's lawyer Michael Cohen partly over payments made to porn star, US media say https://t‚Ä¶",@BBCNews
6,-0.6597,2018-04-09 20:33:33,0.474,0.526,0.0,6,Three Britons injured in Malta bus crash https://t.co/32aIPZZQG1,@BBCNews
7,-0.7845,2018-04-09 20:08:24,0.345,0.655,0.0,7,RT @BBCBreaking: Russia and the US exchange fierce words at UN over suspected Syria chemical weapons attack https://t.co/mRIs1pyHPx,@BBCNews
8,-0.2732,2018-04-09 18:44:47,0.259,0.741,0.0,8,Schools 'to drop gathering nationality data' https://t.co/4Z80G1dJVT,@BBCNews
9,-0.3182,2018-04-09 17:33:37,0.204,0.796,0.0,9,Olympic rower Helen Glover announces she has lost twin https://t.co/Dej8mUmaqB,@BBCNews
10,-0.2023,2018-04-09 16:58:41,0.205,0.795,0.0,10,Man charged over 'racist' letter to MSP https://t.co/M9YlQdZTjE,@BBCNews
11,0.0,2018-04-09 16:58:00,0.0,1.0,0.0,11,RT @davidshukmanbbc: Incredible scale of cargo ships. Watch our story on shipping and climate change on #BBCNewsSix https://t.co/YaZjm1qv76,@BBCNews
12,-0.4767,2018-04-09 16:57:03,0.256,0.744,0.0,12,"Home Office investigates personal documents sent to wrong address
https://t.co/BTLtt6UGNJ",@BBCNews
13,0.0,2018-04-09 16:34:45,0.0,1.0,0.0,13,Rise in numbers of Britons becoming EU citizens in 2016 https://t.co/sxekW9QVaM,@BBCNews
14,-0.296,2018-04-09 16:11:06,0.216,0.784,0.0,14,Hither Green burglary suspect hunted by Met Police https://t.co/4g4JZzxXsd,@BBCNews
15,-0.4215,2018-04-09 14:41:54,0.259,0.741,0.0,15,Bristol Airport parking firm 'fails to return cars' https://t.co/s0Kdu7IO7E,@BBCNews
16,0.4215,2018-04-09 13:31:05,0.0,0.823,0.177,16,Royal wedding: Prince Harry and Meghan Markle ask for charity donations not gifts https://t.co/vJIiZxlvG1,@BBCNews
17,0.5719,2018-04-09 13:28:19,0.0,0.844,0.156,17,"RT @BBC_HaveYourSay: Are you getting married on the day of the #RoyalWedding on May 19? 

Maybe you are... 
celebrating a multicultural or‚Ä¶",@BBCNews
18,-0.7506,2018-04-09 13:21:49,0.516,0.484,0.0,18,Theresa May condemns 'barbaric attack' in Syria https://t.co/chRytcTHjm,@BBCNews
19,-0.92,2018-04-09 13:17:08,0.483,0.517,0.0,19,"Prime Minister @theresa_may says UK ""utterly condemns use of chemical weapons"" following Douma poison gas attack, a‚Ä¶ https://t.co/aEvlAGxUBj",@BBCNews
20,-0.4215,2018-04-09 13:09:17,0.318,0.682,0.0,20,Durham police criticised over 'crude' profiling https://t.co/QXDXd1ndO4,@BBCNews
21,0.0258,2018-04-09 12:54:19,0.0,0.932,0.068,21,"How was information from @facebook users handled by Cambridge Analytica, and why does it matter? https://t.co/sUrGSp1QWE",@BBCNews
22,0.3612,2018-04-09 12:42:58,0.095,0.747,0.158,22,"RT @BBCSport: Day 5 - Commonwealth Games 
#GC2018 

Akani Simbine shocked Yohan Blake to win the men's 100m, with Michelle-Lee Ahye making‚Ä¶",@BBCNews
23,0.4019,2018-04-09 12:25:42,0.0,0.722,0.278,23,Sir Nick Clegg: Breakaway party 'highly likely' https://t.co/KJUCDQEmc0,@BBCNews
24,0.0,2018-04-09 11:40:15,0.0,1.0,0.0,24,Air traffic controller sickness forces Gatwick Airport runway to close https://t.co/4LZW2ePzFm,@BBCNews
25,0.0,2018-04-09 11:38:44,0.0,1.0,0.0,25,"Home Secretary @AmberRuddHR calls on social media sites to take action and ""not host content linked to gang violenc‚Ä¶ https://t.co/DSAtiYpJHJ",@BBCNews
26,-0.7351,2018-04-09 11:27:57,0.279,0.721,0.0,26,Funding announced for 'prevention programmes' for young people at risk of getting involved in violence - Home Secre‚Ä¶ https://t.co/yHAWEpVeBR,@BBCNews
27,-0.0717,2018-04-09 11:25:20,0.109,0.794,0.097,27,"""I stand fully behind stop and search and I see it as a vital tool for the police"" 

Home Secretary @AmberRuddHR‚Ä¶ https://t.co/Y5YiyLT4e1",@BBCNews
28,0.0772,2018-04-09 11:23:13,0.0,0.939,0.061,28,"""We will focus on reducing the number of people who take drugs"" 

Home Secretary @AmberRuddHR on new strategy for d‚Ä¶ https://t.co/qNgLwVJujf",@BBCNews
29,-0.3089,2018-04-09 10:55:32,0.117,0.883,0.0,29,Evidence does not support claim of fewer police officers - Home Secretary @AmberRuddHR announcing new measures to t‚Ä¶ https://t.co/wjKF0fVJNE,@BBCNews
30,0.1779,2018-04-09 10:35:45,0.0,0.841,0.159,30,Four people in 'unbelievable' escape as wood skewers car https://t.co/zMnaUuWA2j,@BBCNews
31,0.6369,2018-04-09 10:35:45,0.0,0.574,0.426,31,Loyalist paramilitary groups 'to support rule of law' https://t.co/c4XNVhCoGl,@BBCNews
32,-0.5267,2018-04-09 10:18:50,0.386,0.614,0.0,32,Boy dies after falling ill in Edinburgh street https://t.co/P8cNqWyFwV,@BBCNews
33,-0.4767,2018-04-09 09:55:49,0.129,0.871,0.0,33,RT @BBCEngland: A council introduces fines of ¬£80 for anyone caught feeding pigeons in a town centre after the birds were blamed for damagi‚Ä¶,@BBCNews
34,-0.6249,2018-04-09 09:55:38,0.177,0.823,0.0,34,"RT @VictoriaLIVE: Children as young as 3 years old should have lessons to tackle gang violence - our debate panel suggests.

https://t.co/G‚Ä¶",@BBCNews
35,-0.4767,2018-04-09 09:50:03,0.344,0.48,0.176,35,Cassie Hayes: Man admits murdering travel agent https://t.co/dYiJhHJjMm,@BBCNews
36,-0.9153,2018-04-09 09:35:49,0.41,0.59,0.0,36,"RT @VictoriaLIVE: A devastated mum describes the reality of knife crime - the heartbroken families left behind.

See our film &gt;&gt; https://t.‚Ä¶",@BBCNews
37,0.3595,2018-04-09 09:33:01,0.0,0.898,0.102,37,"RT @BBCSport: World record alert! üö®

With her first throw, Holly Robinson sets a new record of 43.32m in the women's F47 javelin.

The prev‚Ä¶",@BBCNews
38,0.5859,2018-04-09 09:32:57,0.0,0.833,0.167,38,"RT @BBCSport: ü•à It's silver for Sarah-Jane Perry.

What a nail-biting finish to an amazing match. 

Joelle King becomes New Zealand's first‚Ä¶",@BBCNews
39,-0.765,2018-04-09 09:02:24,0.452,0.548,0.0,39,One man hurt after 'partial building collapse' in Aberdeen https://t.co/7SblVoVGzo,@BBCNews
40,0.7959,2018-04-09 08:57:32,0.0,0.738,0.262,40,"RT @BBCSportWales: A first gymnastics medal for Wales at the Gold Coast!

Latalia Bevan wins silver in the women's floor exercise

More her‚Ä¶",@BBCNews
41,0.3595,2018-04-09 08:57:14,0.0,0.884,0.116,41,"RT @BBCSport: üè¥Û†ÅßÛ†Å¢Û†Å•Û†ÅÆÛ†ÅßÛ†Åø It's bronze for England!

The men's table tennis team join the women in claiming bronze.

#GC2018 https://t.co/NwnVMx‚Ä¶",@BBCNews
42,-0.6124,2018-04-09 08:11:46,0.417,0.583,0.0,42,Toddler dies and mother critical in Coventry crash https://t.co/tNZIbd0O8A,@BBCNews
43,-0.6486,2018-04-09 08:11:46,0.381,0.619,0.0,43,Man shot dead by police in Romford https://t.co/tgCIVIwE8w,@BBCNews
44,-0.5859,2018-04-09 08:08:59,0.407,0.593,0.0,44,Man charged after pregnant mum attacked by burglar https://t.co/Jdj03Tqp2y,@BBCNews
45,0.872,2018-04-09 07:48:12,0.0,0.68,0.32,45,"RT @BBCSport: He's done it.

England's Nile Wilson wins his third gold medal of #GC2018.

The horizontal bar takes his medal tally to five‚Ä¶",@BBCNews
46,0.6115,2018-04-09 07:48:00,0.0,0.852,0.148,46,"RT @BBCSport: More success for England in the horizontal bar.

James Hall takes silver to take his tally to three medals for #GC2018. https‚Ä¶",@BBCNews
47,0.0,2018-04-09 07:37:11,0.0,1.0,0.0,47,"RT @BBCSport: üì¢ More live sport coming up!

England are about to face Australia in the women's basketball.üèÄ

Watch all the LIVE action here‚Ä¶",@BBCNews
48,0.4767,2018-04-09 07:37:07,0.0,0.876,0.124,48,"RT @BBCSport: England claimed a bronze medal in the badminton mixed team event, seeing off Singapore to take a place on the podium.
More: h‚Ä¶",@BBCNews
49,0.0,2018-04-09 06:25:35,0.0,1.0,0.0,49,"RT @BBCSport: Commonwealth Games #GC2018

So far on Day 5 
England ü•áü•àü•àü•âü•âü•â
Scotland ü•àü•â
Wales ü•áü•â
Northern Ireland 

The home nations gymnasts‚Ä¶",@BBCNews
50,0.3612,2018-04-09 03:52:05,0.0,0.696,0.304,50,Harriet Harman accepts Tory MP Kemi Badenoch's hacking apology https://t.co/n3WPSFxiL9,@BBCNews
51,0.4939,2018-04-09 02:29:28,0.0,0.738,0.262,51,"Care savings limit in Wales is raised to ¬£40,000 https://t.co/OTGLs9qHm6",@BBCNews
52,0.0,2018-04-09 02:26:43,0.0,1.0,0.0,52,Film urges CPR to the tune of Proclaimers' hit '500 miles' https://t.co/JGKv9NaCo2,@BBCNews
53,-0.743,2018-04-09 02:26:43,0.441,0.559,0.0,53,"Police cuts 'likely contributed' to violence rise, document says https://t.co/AeBmq1Ys9d",@BBCNews
54,-0.3818,2018-04-08 23:44:27,0.272,0.556,0.173,54,"Prostate cancer: Four in 10 cases diagnosed late, charity says https://t.co/JBseylXTTJ",@BBCNews
55,-0.7717,2018-04-08 18:48:06,0.489,0.511,0.0,55,Two men dead after Edgware 'carbon monoxide leak' https://t.co/RLLdCv2WM7,@BBCNews
56,0.7003,2018-04-08 18:20:16,0.0,0.746,0.254,56,"RT @BBCSport: Day 4 - Commonwealth Games #GC2018 

Rhys McClenaghan secured Northern Ireland's first medal of the 2018 Commonwealth Games üèÖ‚Ä¶",@BBCNews
57,-0.872,2018-04-08 18:11:22,0.553,0.447,0.0,57,"Hackney stabbing: Second stab death suspect 'at large', police say https://t.co/UBc0z1ANNG",@BBCNews
58,0.0,2018-04-08 15:51:58,0.0,1.0,0.0,58,RT @BBC_HaveYourSay: Are you coming to Windsor to watch the #RoyalWedding in May? Where are you travelling from? Would you consider yoursel‚Ä¶,@BBCNews
59,-0.4588,2018-04-08 15:46:10,0.231,0.769,0.0,59,Sunday Times' Rod Liddell 'mocks Wales' over Severn crossing renaming https://t.co/2hok9ikQQi,@BBCNews
60,-0.5106,2018-04-08 15:19:02,0.323,0.677,0.0,60,Fishermen protest over lack of control of UK waters post-Brexit https://t.co/jQRhEijGcD,@BBCNews
61,0.0,2018-04-08 14:36:51,0.0,1.0,0.0,61,UK wife-carrying contest takes place in Dorking https://t.co/wGxmIhLeg3,@BBCNews
62,0.7003,2018-04-08 13:00:04,0.0,0.746,0.254,62,"RT @BBCSport: Day 4 - Commonwealth Games #GC2018 

Rhys McClenaghan secured Northern Ireland's first medal of the 2018 Commonwealth Games üèÖ‚Ä¶",@BBCNews
63,-0.1531,2018-04-08 12:13:48,0.127,0.873,0.0,63,Tony Blair believes NI deal 'still possible' but warns over Brexit https://t.co/2fh7fSuWfN,@BBCNews
64,-0.4019,2018-04-08 10:58:31,0.231,0.769,0.0,64,Man injured wrestling Derbyshire ram calls it 'public nuisance' https://t.co/jATTw9Hj9s,@BBCNews
65,0.6249,2018-04-08 10:53:09,0.0,0.579,0.421,65,Prince Charles reunited with fan who stole a kiss https://t.co/15fUOzfqr6,@BBCNews
66,0.0,2018-04-08 10:53:07,0.0,1.0,0.0,66,Angela Rayner 'frustrated' over Labour anti-Semitism action https://t.co/J60EFbhlMj,@BBCNews
67,-0.0258,2018-04-08 10:41:44,0.228,0.551,0.22,67,Arrests after Manchester City v Manchester United derby brawl https://t.co/zkSYfZJvlq,@BBCNews
68,0.0,2018-04-08 10:21:22,0.0,1.0,0.0,68,"RT @BBCNewsNI: Meet the County Down woman who's the Dr Dolittle of the ocean
https://t.co/79W82ys7Av https://t.co/JyW6A42ZJa",@BBCNews
69,-0.6124,2018-04-08 10:17:06,0.385,0.615,0.0,69,Sarah Montague 'incandescent with rage' over BBC Radio 4 pay https://t.co/A9PmIUzo8Z,@BBCNews
70,0.4344,2018-04-08 09:48:26,0.0,0.863,0.137,70,"RT @BBCSport: WHAT. A. SWIM!!! ü•áü•áü•á

Scotland's Duncan Scott takes the GOLD in the Men's 100m freestyle final! 

üëâ  https://t.co/WUhxF51QaY‚Ä¶",@BBCNews
71,0.0,2018-04-08 09:48:12,0.0,1.0,0.0,71,"RT @BBCSport: It's a Games record for Kylie Masse - and a Canadian one-two in the women's 200m backstroke.

Compatriot Taylor Ruck takes he‚Ä¶",@BBCNews
72,0.8016,2018-04-08 09:48:05,0.0,0.736,0.264,72,"RT @BBCSportWales: It's a silver medal for Wales' Laura Daniels!

New Zealand's Jo Edwards comes from behind to win the lawn bowls women's‚Ä¶",@BBCNews
73,0.0,2018-04-08 09:41:33,0.0,1.0,0.0,73,Government to crack down on 'rogue' estate agents https://t.co/s26Dob1oVY,@BBCNews
74,0.875,2018-04-08 09:37:10,0.0,0.607,0.393,74,"RT @BBCSport: What a nice surprise üòçüíç

Two of @TeamEngland 's basketball players got engaged on court at the Commonwealths. 

Congrats @Jam‚Ä¶",@BBCNews
75,-0.886,2018-04-08 09:09:59,0.444,0.556,0.0,75,"Government is tackling violent crime says Communities Secretary @sajidjavid, announcing details for new Offensive W‚Ä¶ https://t.co/cYLI53Cipe",@BBCNews
76,0.4019,2018-04-08 09:03:56,0.0,0.803,0.197,76,Commonwealth Games: Jamell Anderson and Georgia Jones get engaged on court https://t.co/b8Ot01unS2,@BBCNews
77,0.0772,2018-04-08 08:55:33,0.101,0.783,0.115,77,"""Targeting stop and search rather than just randomly going around saying you look like a gang member"" Shadow educat‚Ä¶ https://t.co/y380ZOoN4N",@BBCNews
78,-0.4404,2018-04-08 08:35:04,0.266,0.734,0.0,78,Woman held after man stabbed in north London https://t.co/j8p0CvUSgP,@BBCNews
79,0.4588,2018-04-08 08:34:59,0.0,0.7,0.3,79,Olivier Awards: Could Hamilton get a record haul? https://t.co/soiJzm1Q77,@BBCNews
80,-0.4019,2018-04-08 08:03:28,0.162,0.738,0.1,80,"RT @BBCEngland: Hundreds of people have been ""sticking their tongues out at cancer"" in support of a four-year-old girl who was diagnosed wi‚Ä¶",@BBCNews
81,0.5707,2018-04-08 07:27:39,0.0,0.862,0.138,81,"RT @BBCSport: The first Home Nations gold of day four went to Scotland! üè¥Û†ÅßÛ†Å¢Û†Å≥Û†Å£Û†Å¥Û†ÅøüèÖ

Congrats to the men's triple lawn bowls team üëèüëâ https://t‚Ä¶",@BBCNews
82,0.8306,2018-04-08 06:21:59,0.0,0.73,0.27,82,"RT @BBCSport: ü•á Northern Ireland win their first medal! ü•á üëè

Rhys McClenaghan takes GOLD in the men's pommel horse! 

At the age of 18! Inc‚Ä¶",@BBCNews
83,0.0,2018-04-08 06:21:36,0.0,1.0,0.0,83,"RT @BBCSport: Commonwealth Games #GC2018 

So far on Day 4 (07:00 BST)

England ü•áü•àü•à
Scotland ü•áü•âü•â
Wales ü•â
Northern Ireland

England's Nick M‚Ä¶",@BBCNews
84,0.4404,2018-04-08 04:44:33,0.0,0.734,0.266,84,"Corbyn is 'Kremlin's useful idiot', says Boris Johnson https://t.co/bCuDT2nL2O",@BBCNews
85,0.4019,2018-04-08 02:19:11,0.0,0.748,0.252,85,Sturgeon aims to boost Scots-China trade with visit https://t.co/tMOswK7WrA,@BBCNews
86,0.4215,2018-04-08 02:16:27,0.0,0.741,0.259,86,Saturday Night Takeaway: Applause for McPartlin at finale https://t.co/2VGXGDmyeI,@BBCNews
87,-0.6249,2018-04-08 01:58:58,0.339,0.661,0.0,87,'Enough police' to tackle violence rise - Amber Rudd https://t.co/eWiYkYydDg,@BBCNews
88,0.0,2018-04-08 00:51:53,0.0,1.0,0.0,88,Ipswich Hospital reviews policy after Ed Sheeran visit https://t.co/KsozKXQO16,@BBCNews
89,-0.5574,2018-04-07 23:42:10,0.325,0.556,0.119,89,Legal costs halt thousands of domestic violence cases https://t.co/FDgrK40hB2,@BBCNews
90,0.0,2018-04-07 23:42:10,0.0,1.0,0.0,90,Masters 2018: Patrick Reed leads Rory McIlroy by three into final round https://t.co/wCX3WX0tVj,@BBCNews
91,0.6369,2018-04-07 23:08:39,0.0,0.574,0.426,91,Peter Kay stage appearance delights Car Share fans https://t.co/PoEbeSjxlR,@BBCNews
92,0.4215,2018-04-07 18:33:29,0.0,0.641,0.359,92,Manchester City 2-3 Manchester United https://t.co/fe2a9S6RAn,@BBCNews
93,-0.6908,2018-04-07 17:59:28,0.402,0.598,0.0,93,Murder charge over Israel Ogunsola Hackney stabbing https://t.co/sOHZFOtzJs,@BBCNews
94,-0.126,2018-04-07 17:03:57,0.094,0.83,0.075,94,"RT @BBCSport: GOAL! Man City 2-0 Man Utd  

Ilkay Gundogan takes a turn in the box ad leaves David de Gea with no chance.

üëâ https://t.co/N‚Ä¶",@BBCNews
95,-0.7003,2018-04-07 16:04:10,0.453,0.547,0.0,95,Man held for terror offences at Gatwick Airport https://t.co/iJFKKQpH8g,@BBCNews
96,0.0,2018-04-07 13:24:58,0.0,1.0,0.0,96,"RT @BBCSport: FT: Everton 0-0 Liverpool

The Toffees almost bagged a last-minute goal after coming into their own in the second half.

Mean‚Ä¶",@BBCNews
97,0.5719,2018-04-07 13:06:06,0.0,0.709,0.291,97,Commonwealth Games: England's Adam Peaty wins 100m breaststroke gold https://t.co/8IJPDVzIdY,@BBCNews
98,0.4767,2018-04-07 12:38:39,0.0,0.866,0.134,98,"RT @BBCSport: Day 3 - Commonwealth Games #GC2018 

Adam Peaty added to his gold medal haul. 
Scotland's Neil Fachie equalled the Scottish C‚Ä¶",@BBCNews
99,0.7003,2018-04-07 12:33:46,0.0,0.608,0.392,99,Peter Kay's Car Share: Fans praise finale at Blackpool screening https://t.co/MEStaVacWE,@BBCNews
0,0.6705,2018-04-09 21:21:49,0.0,0.756,0.244,0,Los Angeles is painting some of its roads white and the reasons why are pretty cool -- literally.‚Ä¶ https://t.co/BOh7mk3KNH,@CBSNews
1,0.3612,2018-04-09 20:54:07,0.0,0.884,0.116,1,"""Whether this is related to the [special counsel] Mueller investigation or the Stormy Daniels case, it looks like t‚Ä¶ https://t.co/mK9HYlN66B",@CBSNews
2,0.0,2018-04-09 20:37:01,0.0,1.0,0.0,2,"NEW: ""The decision by the US Attorney‚Äôs Office in New York to conduct their investigation using search warrants is‚Ä¶ https://t.co/W3P2jNWtLH",@CBSNews
3,-0.4448,2018-04-09 20:35:49,0.128,0.872,0.0,3,"MORE: ""It is unclear whether this is stemming from the Mueller investigation, whether it has anything to do with th‚Ä¶ https://t.co/B8Tn8dX26z",@CBSNews
4,0.0,2018-04-09 20:32:27,0.0,1.0,0.0,4,"""We did learn that the seizure by FBI and law enforcement was under a court authorized warrant that was obtained in‚Ä¶ https://t.co/hDtpV7saE4",@CBSNews
5,0.0,2018-04-09 20:28:16,0.0,1.0,0.0,5,MORE: Law enforcement agents conducted searches today at the New York office and New York residence of Trump person‚Ä¶ https://t.co/yxNf1Qoeil,@CBSNews
6,0.4019,2018-04-09 20:26:01,0.0,0.856,0.144,6,MORE: Federal prosecutors in Manhattan obtained search warrant for Michael Cohen's office after special counsel in‚Ä¶ https://t.co/EX9UTJPiRi,@CBSNews
7,0.0,2018-04-09 20:19:29,0.0,1.0,0.0,7,"NEW: FBI agents raid office of Michael Cohen, Pres. Trump's personal lawyer, according to New York Times report.‚Ä¶ https://t.co/gpvCqz388d",@CBSNews
8,-0.6369,2018-04-09 20:06:45,0.304,0.6,0.096,8,U.S. Ambassador Nikki Haley speaks at UN Security Council emergency meeting in wake of suspected chemical attack in‚Ä¶ https://t.co/MnnI2tTN6A,@CBSNews
9,0.0,2018-04-09 20:00:02,0.0,1.0,0.0,9,"Sen. Tammy Duckworth (D-IL) became the first sitting U.S. senator to give birth while holding office, with the deli‚Ä¶ https://t.co/KLjDFjxvAV",@CBSNews
10,-0.6369,2018-04-09 19:40:01,0.38,0.5,0.12,10,U.N. Security Council holds emergency meeting after suspected chemical attack in Syria. https://t.co/8AoewaCf7J https://t.co/6Dpp0lPDwR,@CBSNews
11,-0.6908,2018-04-09 19:30:02,0.251,0.749,0.0,11,Four teens charged with throwing a sandbag from a Toledo overpass and causing the death of a car passenger have bee‚Ä¶ https://t.co/7LNjKtX21z,@CBSNews
12,-0.5994,2018-04-09 19:25:31,0.163,0.837,0.0,12,"Saddam Hussein's statue toppled over 15 years ago today, becoming one of the most iconic moments of the Iraq war. https://t.co/4tUb83yfeR",@CBSNews
13,0.0,2018-04-09 19:17:19,0.0,1.0,0.0,13,"""I'm not going to get ahead once again of any actions that he U.S. may or may not take, but I think the president h‚Ä¶ https://t.co/m7LHjrJmoM",@CBSNews
14,-0.2732,2018-04-09 19:13:41,0.156,0.736,0.108,14,"Reporter: Did chief of staff John Kelly recommend that [EPA administrator] Pruitt be fired. 

@PressSec: I'm not go‚Ä¶ https://t.co/DA7Ts9i09R",@CBSNews
15,0.3818,2018-04-09 19:11:51,0.0,0.88,0.12,15,"""He's asked the department of agriculture to protect our farmers and will present a plan on specifics of that short‚Ä¶ https://t.co/dV8XxHwqP9",@CBSNews
16,0.296,2018-04-09 19:05:37,0.0,0.862,0.138,16,"""The point of view that matters most here at the White House, as you well know, is the president's,"" @PressSec says‚Ä¶ https://t.co/YYwlKcrZpM",@CBSNews
17,-0.4588,2018-04-09 18:59:58,0.13,0.87,0.0,17,"""We're still there, and I think that it is outrageous to say that the president has green-lit actions that have tak‚Ä¶ https://t.co/0gHMGtbcrF",@CBSNews
18,0.0,2018-04-09 18:56:04,0.0,1.0,0.0,18,"""I can only speak on behalf of this government. For questions on that, I would refer you outside. At this time, the‚Ä¶ https://t.co/5mXmVK5agz",@CBSNews
19,-0.2263,2018-04-09 18:51:39,0.106,0.894,0.0,19,WATCH NOW: White House briefing underway as U.S. considers possible military retaliation over suspected chemical at‚Ä¶ https://t.co/QYIafgxKtA,@CBSNews
20,0.4019,2018-04-09 18:50:41,0.0,0.886,0.114,20,The Giants added a special player to their roster on Sunday -- an 8-year-old girl named Hailey who threw out the fi‚Ä¶ https://t.co/8sHveDxHpt,@CBSNews
21,0.0,2018-04-09 18:49:45,0.0,1.0,0.0,21,".@SenDuckworth gives birth to baby girl, becomes first U.S. senator to give birth while in office.‚Ä¶ https://t.co/0ydTqqQao3",@CBSNews
22,0.0,2018-04-09 18:35:01,0.0,1.0,0.0,22,Arizona Gov. Doug Ducey says 225 National Guard members are heading to the Mexico border to back President Trump's‚Ä¶ https://t.co/ye5BCOJ12L,@CBSNews
23,0.4019,2018-04-09 18:20:01,0.0,0.856,0.144,23,Lawyers representing President Donald Trump's family hotel business appealed to Panama's president for help days be‚Ä¶ https://t.co/Y5AWfsMHMt,@CBSNews
24,0.0,2018-04-09 18:03:28,0.0,1.0,0.0,24,Fox News' Sean Hannity says he will address comments by ABC late-night comic Jimmy Kimmel on his show Monday night‚Ä¶ https://t.co/lgp4llLFPb,@CBSNews
25,-0.4019,2018-04-09 17:45:02,0.197,0.803,0.0,25,"Hockey player's body misidentified in bus crash, Canadian officials say https://t.co/rVRHxEiaXV https://t.co/fhUKF4Iwzw",@CBSNews
26,0.3612,2018-04-09 17:30:49,0.0,0.878,0.122,26,@CBSNews¬†Reporter: Would you like to see executives from Google and Twitter and other tech companies come testify?‚Ä¶ https://t.co/cBQv3EWrPr,@CBSNews
27,0.0258,2018-04-09 17:30:33,0.0,0.922,0.078,27,"On defensive amid Cambridge Analytica controversy, Facebook announces an independent ""election research commission""‚Ä¶ https://t.co/pzJfe0uVwa",@CBSNews
28,-0.2732,2018-04-09 17:23:58,0.129,0.871,0.0,28,"@CBSNews¬†""My sense is that he takes it seriously because he knows that there is going to be a hard look at regulati‚Ä¶ https://t.co/Z6AyGIziEk",@CBSNews
29,0.0,2018-04-09 17:19:34,0.0,1.0,0.0,29,MOMENTS AGO: Sen. Bill Nelson (D-FL) discusses meeting with Facebook CEO Mark Zuckerberg ahead of his congressional‚Ä¶ https://t.co/R7JfdgovvL,@CBSNews
30,-0.25,2018-04-09 17:15:32,0.13,0.802,0.068,30,"Topless protestor charges Bill Cosby with ""Women's Lives Matter"" painted on her chest https://t.co/V6Mg4WIXcC https://t.co/Bi15PvmamV",@CBSNews
31,-0.4939,2018-04-09 17:01:01,0.259,0.741,0.0,31,Former manager says he warned Facebook about potential privacy risks in 2012 https://t.co/8ZNoas1iFj https://t.co/M6NqfugA48,@CBSNews
32,0.0,2018-04-09 16:45:55,0.0,1.0,0.0,32,"""Tony Robbins, if you talk to more SURVIVORS and less sexist businessmen maybe you'll understand what we want,""‚Ä¶ https://t.co/KiBOv1rlhq",@CBSNews
33,-0.6124,2018-04-09 16:15:01,0.312,0.688,0.0,33,Pres. Trump confers with military on suspected gas attack in Syria https://t.co/25vr1d7xPe https://t.co/TrdrCYuFAp,@CBSNews
34,0.0,2018-04-09 16:10:50,0.0,1.0,0.0,34,"""Nothing is off the table"" in response to Syria, @POTUS says. ""The generals will figure it out over the next 24 hou‚Ä¶ https://t.co/BNkvf136oZ",@CBSNews
35,0.0772,2018-04-09 16:09:43,0.0,0.942,0.058,35,"""If during the course of the negotiation [with China] they want to hit farmers because they think that hits me, I w‚Ä¶ https://t.co/lq3DYQIjaR",@CBSNews
36,0.2724,2018-04-09 16:05:44,0.0,0.905,0.095,36,".@POTUS says he and Chinese President Xi Jinping are ""very good friends,"" but ""with that being said, China is takin‚Ä¶ https://t.co/JqXrCEbwu5",@CBSNews
37,0.0,2018-04-09 16:03:25,0.0,1.0,0.0,37,"""If it is Russia, if it is Syria , if it is Iran, if it is all of them together, we will figure it out and we will‚Ä¶ https://t.co/fTnAdlmlwt",@CBSNews
38,0.0,2018-04-09 16:00:37,0.0,1.0,0.0,38,"The Trump brothers' business trip to Dubai just cost taxpayers $73,000. https://t.co/weCZigp3SC https://t.co/LDtwGvlsgB",@CBSNews
39,0.0,2018-04-09 15:57:42,0.0,1.0,0.0,39,"WATCH: ""We are studying that situation extremely closely. We are meeting with our military and everyone else that w‚Ä¶ https://t.co/lgm7XcH3vN",@CBSNews
40,-0.8225,2018-04-09 15:45:01,0.388,0.612,0.0,40,"Remains of Navy seaman killed in Pearl Harbor attack identified, military says https://t.co/WU0H6VSOp8 https://t.co/tUipUHTsYD",@CBSNews
41,0.0,2018-04-09 15:30:02,0.0,1.0,0.0,41,Toddler hit in the head by oxygen canister on American Airlines flight https://t.co/h86MMLUcMT https://t.co/1tT2fWiOX6,@CBSNews
42,0.0,2018-04-09 15:15:01,0.0,1.0,0.0,42,"""Still Standing"": Sir Elton John talks stellar career and farewell tour on @CBSThisMorning https://t.co/f4FpOifCGH https://t.co/N89MZFt61d",@CBSNews
43,0.128,2018-04-09 15:00:24,0.0,0.914,0.086,43,"Asked about potential airstrikes against Syria's Assad regime, U.S. Defense Secretary James Mattis replied: ""I don‚Äô‚Ä¶ https://t.co/ER57YHYwNW",@CBSNews
44,0.0,2018-04-09 14:45:02,0.0,1.0,0.0,44,First look at the 2019 Chevy Camaro: General Motors has taken extraordinary measures to keep the reboot of the clas‚Ä¶ https://t.co/WC0PBfqIVp,@CBSNews
45,-0.2263,2018-04-09 14:30:01,0.174,0.826,0.0,45,Apple co-founder protests Facebook by closing his account https://t.co/Qbz1SSmfrn https://t.co/sorVxVlqmI,@CBSNews
46,-0.7269,2018-04-09 14:15:01,0.337,0.663,0.0,46,Dozens of students hurt when bus roof sheared off in overpass crash https://t.co/IiFLHDLT0u https://t.co/NoMlbo0mN7,@CBSNews
47,0.4588,2018-04-09 13:45:02,0.0,0.857,0.143,47,"Republicans return to work with Trump agenda in mind, scrambling to compile a to-do list to satisfy a president the‚Ä¶ https://t.co/qP7KZjEu7q",@CBSNews
48,0.5106,2018-04-09 13:30:01,0.0,0.784,0.216,48,"After pulling Facebook ads, Mozilla exec says trust ""isn't being earned"" https://t.co/Boo2oRO2Z9 https://t.co/XiwijxW0nd",@CBSNews
49,-0.6808,2018-04-09 13:15:01,0.295,0.705,0.0,49,"Trump says ""to hell with it"" about staff advice: AP https://t.co/xG62YDP4d3 https://t.co/JXzrtfllrT",@CBSNews
50,-0.6369,2018-04-09 13:01:01,0.349,0.521,0.13,50,President Trump seeks to ease fears about trade war with China https://t.co/AVB1SflRFT https://t.co/elYHUMvYkj,@CBSNews
51,0.5719,2018-04-09 12:46:06,0.0,0.856,0.144,51,"Music icon Elton John has nine #1 hits and has won 5 Grammys, an Oscar and a Tony. After touring the world for near‚Ä¶ https://t.co/cYJfd2mH7V",@CBSNews
52,0.0772,2018-04-09 12:41:01,0.107,0.769,0.124,52,Self-help guru Tony Robbins asks for forgiveness after making controversial comments about #MeToo movement‚Ä¶ https://t.co/pW57b4UUgF,@CBSNews
53,0.0,2018-04-09 12:37:22,0.0,1.0,0.0,53,Facebook CEO Mark Zuckerberg will testify before 3 Congressional committees in 2 hearings this week on how his comp‚Ä¶ https://t.co/XAW1qLYaPY,@CBSNews
54,0.0,2018-04-09 12:34:09,0.0,1.0,0.0,54,Here‚Äôs a look at some of this morning‚Äôs headlines on @CBSThisMorning https://t.co/v5AuJ1FIfW,@CBSNews
55,0.0,2018-04-09 12:24:20,0.0,1.0,0.0,55,"First on @CBSThisMorning, a look at the 2019 Chevy Camaro before its public debut. General Motors has taken extraor‚Ä¶ https://t.co/Eu6SMklbv9",@CBSNews
56,0.8225,2018-04-09 12:21:01,0.0,0.725,0.275,56,"‚ÄúCaptain America‚Äù is now the Masters champion. Patrick Reed, 27, has won his first major title at the Masters in Au‚Ä¶ https://t.co/vvQIt7Ai4i",@CBSNews
57,0.25,2018-04-09 12:15:59,0.112,0.728,0.16,57,"A new memorial in Montgomery, Alabama features a tribute honoring thousands of victims of lynching. The memorial is‚Ä¶ https://t.co/rMwwqAL4tf",@CBSNews
58,-0.0516,2018-04-09 12:05:10,0.118,0.773,0.109,58,U.S. officials say President Trump will wait for Monday's emergency meeting of the U.N. Security Council before dec‚Ä¶ https://t.co/6VQsjm7ySK,@CBSNews
59,-0.6542,2018-04-09 12:01:43,0.229,0.771,0.0,59,"Missiles struck an air base in central Syria early Monday, but the Pentagon quickly denied claims from Syrian state‚Ä¶ https://t.co/oAXBXxenos",@CBSNews
60,0.0,2018-04-09 11:52:01,0.0,1.0,0.0,60,Here‚Äôs a look at some of this morning‚Äôs headlines on @CBSThisMorning https://t.co/MLnHneRJq0,@CBSNews
61,0.0,2018-04-09 11:43:18,0.0,1.0,0.0,61,Facebook CEO Mark Zuckerberg prepares to testify to congress this week. Cambridge Analytica improperly obtained pri‚Ä¶ https://t.co/ojHgr3qtLo,@CBSNews
62,0.0,2018-04-09 11:41:01,0.0,1.0,0.0,62,"Chuck McCann, the zany comic who hosted a children's television show in the 1960s before branching out as a charact‚Ä¶ https://t.co/pf8IrSi2Ak",@CBSNews
63,-0.4215,2018-04-09 11:34:10,0.167,0.833,0.0,63,"Self-help guru Tony Robbins is apologizing for comments he made criticizing the ""Me Too"" movement. At one of his ev‚Ä¶ https://t.co/ft7E7qZgRs",@CBSNews
64,0.0,2018-04-09 11:33:14,0.0,1.0,0.0,64,"Here are three things you should know this morning:
1‚É£U.S. National Guard on Mexico Border
2‚É£Gas prices surge
3‚É£""Bl‚Ä¶ https://t.co/FCNW0XzrCg",@CBSNews
65,-0.5423,2018-04-09 11:21:01,0.226,0.774,0.0,65,"Iran: U.S. would ""regret"" violating nuke deal in ""less than a week"" https://t.co/MLTlaJGkDU https://t.co/PGlQxhswQP",@CBSNews
66,-0.5859,2018-04-09 11:18:11,0.174,0.826,0.0,66,Opening statements are expected to begin Monday in Bill Cosby's sexual assault re-trial. The first trial ended last‚Ä¶ https://t.co/H8SBPK067X,@CBSNews
67,-0.7845,2018-04-09 11:16:41,0.266,0.734,0.0,67,An investigation is underway into the deadly fire at New York City‚Äôs Trump Tower. One 67-year-old man was killed an‚Ä¶ https://t.co/bWRPaa8IhZ,@CBSNews
68,-0.9485,2018-04-09 11:14:57,0.542,0.458,0.0,68,"A vigil was held to mourn victims of a devastating bus crash in Saskatchewan, Canada. Fifteen people were killed wh‚Ä¶ https://t.co/E0Pk8FZXrZ",@CBSNews
69,-0.4019,2018-04-09 11:13:59,0.109,0.891,0.0,69,44 people are injured after a bus full of high school students crashed in New York. The group was being picked up a‚Ä¶ https://t.co/t3lNytN75o,@CBSNews
70,0.0,2018-04-09 11:13:24,0.0,1.0,0.0,70,Facebook CEO Mark Zuckerberg will testify Tuesday before Congress on how his company handles its users' data. Lawma‚Ä¶ https://t.co/3HKwkCu838,@CBSNews
71,-0.1531,2018-04-09 11:12:02,0.15,0.728,0.121,71,"Facebook has suspended another data collecting firm on Monday. ""Cubeyou"" reportedly acted a lot like Cambridge Anal‚Ä¶ https://t.co/GINx04Btbi",@CBSNews
72,0.3612,2018-04-09 11:10:14,0.0,0.889,0.111,72,White house officials say North Korea has confirmed that dictator Kim Jong Un is ready to discuss removing all nucl‚Ä¶ https://t.co/zwZF3DAd90,@CBSNews
73,0.0,2018-04-09 11:07:50,0.0,1.0,0.0,73,U.S. officials say President Trump will wait for Monday's U.N. meeting before deciding on a U.S. response to appare‚Ä¶ https://t.co/04P4VFyB6X,@CBSNews
74,-0.9022,2018-04-09 11:05:53,0.482,0.518,0.0,74,International outrage and threats of retaliation follow the latest apparent chemical weapons attack by Syria's gove‚Ä¶ https://t.co/fOHrbhCNMh,@CBSNews
75,-0.4767,2018-04-09 11:01:01,0.205,0.795,0.0,75,U.N. to hold dual meetings about alleged chemical attack in Syria https://t.co/GxoWNhP6hr https://t.co/fvUJoFRXDZ,@CBSNews
76,0.0,2018-04-09 10:56:34,0.0,1.0,0.0,76,Mark Zuckerberg will give testimony to 3 congressional committees in two hearings. Sandy Parakilas led the team at‚Ä¶ https://t.co/mzMtnm8R9n,@CBSNews
77,-0.6808,2018-04-09 10:41:01,0.187,0.813,0.0,77,"Commentary: Trump's Syria quandary
The president wants to get out of Syria, but he also wants to punish the ""animal‚Ä¶ https://t.co/jKqzfUu6C4",@CBSNews
78,0.0,2018-04-09 10:35:01,0.0,1.0,0.0,78,The international community is vowing to respond after the Syrian government allegedly carried out another deadly c‚Ä¶ https://t.co/9Y6h9mqWFf,@CBSNews
79,-0.5106,2018-04-09 10:21:01,0.281,0.719,0.0,79,"U.S. denies missile strike in Syria, Russia says Israel did it https://t.co/kRbMm7ZN49 https://t.co/VLXCz8zDLU",@CBSNews
80,0.0,2018-04-09 10:03:04,0.0,1.0,0.0,80,Howard University sit-in ends after record 9 days https://t.co/atXWIAoa27 https://t.co/CaFW7YDIVs,@CBSNews
81,0.2023,2018-04-09 09:48:03,0.0,0.878,0.122,81,"Transcript: Treasury Secretary Steven Mnuchin on ""Face the Nation,"" April 8, 2018 https://t.co/UBqcSb6Cg3 https://t.co/oBBjZbelMp",@CBSNews
82,0.0,2018-04-09 09:33:04,0.0,1.0,0.0,82,"Transcript: Sen. John Kennedy on ""Face the Nation,"" April 8, 2018 https://t.co/rwYbEb11EH https://t.co/br8Cm9MbDn",@CBSNews
83,0.0,2018-04-09 09:18:07,0.0,1.0,0.0,83,Who is Steve Spurrier? https://t.co/TSmuwDTq9G https://t.co/xIvrtgiaq2,@CBSNews
84,-0.5423,2018-04-09 09:10:06,0.226,0.774,0.0,84,"Iran: U.S. would ""regret"" violating nuke deal in ""less than a week"" https://t.co/ADxcfiDA09 https://t.co/vKqbq7EQxX",@CBSNews
85,0.0,2018-04-09 09:03:04,0.0,1.0,0.0,85,What has Mark Zuckerberg learned from Facebook's data controversy? https://t.co/B4s7aW9cUb https://t.co/10ifIl7403,@CBSNews
86,-0.34,2018-04-09 08:48:03,0.228,0.633,0.139,86,"AG Sessions orders ""zero tolerance"" policy on illegal border crossings https://t.co/kvomKDHPPz https://t.co/ds6QpfDm83",@CBSNews
87,-0.6124,2018-04-09 08:33:03,0.325,0.55,0.125,87,Al Sharpton and Parkland shooting survivor announce June rally against gun violence https://t.co/XwivxaMyAj https://t.co/sO9OWoEsYi,@CBSNews
88,-0.4588,2018-04-09 08:18:03,0.25,0.75,0.0,88,Nine West declares bankruptcy as retailer failures continue https://t.co/JjDpyMmy9t https://t.co/Fy1hz9aHku,@CBSNews
89,-0.5423,2018-04-09 08:03:04,0.259,0.741,0.0,89,Will Blake Farenthold reimburse taxpayers for $84K harassment settlement? https://t.co/FTdcr7v4Kj https://t.co/uaYVTKBqdj,@CBSNews
90,0.3182,2018-04-09 07:48:03,0.14,0.585,0.275,90,Jimmy Kimmel apologizes for gay joke amid feud with Sean Hannity https://t.co/cTsfPlAQfx https://t.co/rKFVAyYNk0,@CBSNews
91,0.4939,2018-04-09 07:33:03,0.0,0.738,0.262,91,House Oversight Committee reviewing Scott Pruitt condo agreement https://t.co/MxutbCKt9P https://t.co/llok4WMTlL,@CBSNews
92,-0.6705,2018-04-09 07:18:03,0.282,0.718,0.0,92,Miami dad arrested after 8-year-old son brings loaded gun to school in book bag https://t.co/MrvudqGcYv https://t.co/KXkAy6cclm,@CBSNews
93,0.0,2018-04-09 07:14:03,0.0,1.0,0.0,93,"Chuck McCann, comic and actor, dies at 83 https://t.co/PHsCpUHCZU https://t.co/1ASSxKiZny",@CBSNews
94,0.0,2018-04-09 07:03:05,0.0,1.0,0.0,94,Baby delivered after pregnant woman is shot in head in Ohio https://t.co/3pcoOdAAyM https://t.co/1jZjojle47,@CBSNews
95,0.0,2018-04-09 06:48:03,0.0,1.0,0.0,95,"Tina Fey brings her ""Mean Girls"" to Broadway https://t.co/kDnPu0si7B https://t.co/I4nA5uShCO",@CBSNews
96,0.0,2018-04-09 06:33:03,0.0,1.0,0.0,96,"Facebook suspends another data analytics firm, AggregateIQ https://t.co/hMdIUzp7YO https://t.co/3PoJHszLW2",@CBSNews
97,-0.4588,2018-04-09 06:18:03,0.333,0.667,0.0,97,"Doctors warn of ""second wave"" of the flu https://t.co/pRL0psS6jK https://t.co/9TClNHXHvm",@CBSNews
98,-0.836,2018-04-09 06:03:03,0.56,0.44,0.0,98,Man arrested for Indianapolis knife attack that injured 3 https://t.co/KCNY0VL7Uj https://t.co/19Wy9FKJwE,@CBSNews
99,-0.8271,2018-04-09 05:48:04,0.391,0.609,0.0,99,Criminal minds: Inside the head of a man authorities believe to be a killer https://t.co/GGlwhl5zeb https://t.co/cz4pO3qWEW,@CBSNews
0,0.0,2018-04-09 21:25:46,0.0,1.0,0.0,0,"The nonpartisan Congressional Budget Office has released its 10-year budget and economic outlook, and it projects t‚Ä¶ https://t.co/qwSccoJfeO",@CNN
1,-0.4588,2018-04-09 21:12:14,0.218,0.704,0.077,1,The biggest Black Lives Matter page on Facebook is fake https://t.co/exaqtOt1mR https://t.co/3Cvgp6Hkl6,@CNN
2,0.0,2018-04-09 21:00:54,0.0,1.0,0.0,2,"First Fortune 500 Latina CEO Geisha Williams tells @PoppyHarlowCNN why she believes immigrants are a ""secret weapon‚Ä¶ https://t.co/WFwj5wxrzs",@CNN
3,-0.4215,2018-04-09 20:54:26,0.209,0.697,0.094,3,"The monster responsible for these attacks has no conscience. ‚ÄúThe Russian regime, whose hands are all covered in th‚Ä¶ https://t.co/DUu8ANs470",@CNN
4,0.0,2018-04-09 20:48:09,0.0,1.0,0.0,4,"JUST IN: President Trump has been watching TV reports of the FBI raiding the office of Michael Cohen, his longtime‚Ä¶ https://t.co/ypHS41Y9yG",@CNN
5,0.0,2018-04-09 20:41:22,0.0,1.0,0.0,5,"""This is war."" @BillKristol says he thinks the FBI raiding Trump attorney Michael Cohen's office ""shows that we are‚Ä¶ https://t.co/7NGqVCX68E",@CNN
6,0.0,2018-04-09 20:34:48,0.0,1.0,0.0,6,"RT @CNNMoney: Dow finishes up 46 points after most of a 440-point rally melts away. Nasdaq closes up 0.5%, S&amp;P 500 up 0.3%. https://t.co/qR‚Ä¶",@CNN
7,-0.5267,2018-04-09 20:32:47,0.206,0.794,0.0,7,"‚ÄúOnly a monster targets civilians and then ensures that there are no ambulances to transfer the wounded, no hospita‚Ä¶ https://t.co/En2Bf3vwAH",@CNN
8,0.0,2018-04-09 20:19:46,0.0,1.0,0.0,8,"BREAKING: The FBI raided the office of the President's longtime attorney and confidant, Michael Cohen, the New York‚Ä¶ https://t.co/A0Xx3te0hz",@CNN
9,0.4939,2018-04-09 19:59:45,0.0,0.868,0.132,9,Porn star Stormy Daniels said in a new court filing that she would not have signed a hush agreement in 2016 had she‚Ä¶ https://t.co/9WYYthR8h1,@CNN
10,0.0,2018-04-09 19:52:46,0.0,1.0,0.0,10,Donald Trump just made the Masters all about him | Analysis by @CillizzaCNN https://t.co/hGcUTaTwTj https://t.co/HGVQNlCbhd,@CNN
11,-0.4019,2018-04-09 19:39:14,0.174,0.731,0.096,11,"White House press secretary Sarah Sanders on Trump's debunked voter fraud claim: ""The President still strongly feel‚Ä¶ https://t.co/jgybW3E0FJ",@CNN
12,0.0,2018-04-09 19:33:53,0.0,1.0,0.0,12,"Apple co-founder Steve Wozniak says he's ""disgusted"" by how Facebook handles personal information, and that he deac‚Ä¶ https://t.co/nQCRJjlbPF",@CNN
13,-0.4767,2018-04-09 19:27:43,0.154,0.846,0.0,13,Facebook has suspended another data analytics company following allegations that it misled its users over how their‚Ä¶ https://t.co/ngLR7ZO2hR,@CNN
14,-0.6124,2018-04-09 19:18:26,0.217,0.783,0.0,14,RT @CNNPolitics: Sanders on whether Trump‚Äôs attitude toward Russian President Vladimir Putin has changed after the suspected attack in Syri‚Ä¶,@CNN
15,0.0,2018-04-09 19:10:07,0.0,1.0,0.0,15,The Democratic case against impeaching President Trump | Analysis by @CillizzaCNN https://t.co/iJhkbkgwiN https://t.co/Gne816Sdqz,@CNN
16,0.0,2018-04-09 19:00:45,0.192,0.58,0.228,16,RT @CNNPolitics: Sanders: ‚ÄúSignaling we want to remove our troops in no way degrades our ability to hold parties responsible‚Äù https://t.co/‚Ä¶,@CNN
17,0.0,2018-04-09 19:00:06,0.0,1.0,0.0,17,"As images of Syrian children gasping and convulsing spread around the world, President Trump and other internationa‚Ä¶ https://t.co/RdfRTlBJQ0",@CNN
18,-0.7845,2018-04-09 18:59:12,0.331,0.669,0.0,18,White House press secretary Sarah Sanders on the suspected chemical weapons attack in Syria: ‚ÄúAs President Trump cl‚Ä¶ https://t.co/OobP8EM9Tf,@CNN
19,0.0,2018-04-09 18:51:32,0.0,1.0,0.0,19,White House press secretary Sarah Sanders talks to reporters after President Trump said he would make a decision so‚Ä¶ https://t.co/f0GqzDioAR,@CNN
20,-0.802,2018-04-09 18:50:04,0.387,0.613,0.0,20,"Sean Hannity, who mocked Michelle Obama, says it's wrong to mock Melania Trump | via @CNNopinion‚Ä¶ https://t.co/qWhCeSNLgG",@CNN
21,0.6808,2018-04-09 18:40:04,0.0,0.781,0.219,21,Prince Harry and Meghan Markle are asking people who wish to send them a wedding gift to consider donating to one o‚Ä¶ https://t.co/NHkoaY67G8,@CNN
22,-0.0772,2018-04-09 18:30:10,0.075,0.925,0.0,22,"""Black Panther"" passes ""Titanic"" at the box office on the all-time list of highest grossing films‚Ä¶ https://t.co/K3YcmgZUNa",@CNN
23,0.4767,2018-04-09 18:28:00,0.0,0.86,0.14,23,A bodyguard for boxing champ Floyd Mayweather is recovering at an Atlanta hospital after being shot in the leg outs‚Ä¶ https://t.co/ojVt62HPF5,@CNN
24,-0.6705,2018-04-09 18:20:11,0.184,0.816,0.0,24,"Gassed where they had hidden, Syrian families were killed in minutes.

11 people from one family and eight from ano‚Ä¶ https://t.co/01Z01avB0K",@CNN
25,-0.2263,2018-04-09 18:10:07,0.095,0.905,0.0,25,"David Hogg, one of Marjory Stoneman Douglas High School's most visible student activists, will postpone his first y‚Ä¶ https://t.co/oketcR6Acj",@CNN
26,0.0,2018-04-09 18:00:12,0.0,1.0,0.0,26,"Illinois Democratic Sen. Tammy Duckworth gave birth to a baby girl Monday, her office announced, the first US senat‚Ä¶ https://t.co/G8vl4Vc2CV",@CNN
27,0.0,2018-04-09 17:56:36,0.0,1.0,0.0,27,"RT @CNNPolitics: Sen. Bill Nelson: If we don‚Äôt act on Facebook, ‚Äúnone of us are going to have any privacy anymore‚Äù https://t.co/j2vKcfuFuo",@CNN
28,0.2023,2018-04-09 17:50:03,0.0,0.913,0.087,28,The federal government's top voice on ethics sent a letter to the EPA outlining areas of concern regarding agency c‚Ä¶ https://t.co/GQcZs2YBFN,@CNN
29,-0.6486,2018-04-09 17:40:10,0.261,0.739,0.0,29,"Voters in Anchorage, Alaska, narrowly reject a proposal to restrict bathroom access for transgender people, the fir‚Ä¶ https://t.co/1XDALjEFwm",@CNN
30,0.5379,2018-04-09 17:30:07,0.0,0.812,0.188,30,"Why Rick Scott's Senate candidacy is very, very good news for Republicans | Analysis by @CillizzaCNN‚Ä¶ https://t.co/pGpb2HfJQz",@CNN
31,-0.7096,2018-04-09 17:20:12,0.224,0.776,0.0,31,"Just before Bill Cosby walked into court Monday morning, a topless protester with ""Cosby rapist"" and women's names‚Ä¶ https://t.co/dEBpuMfsbD",@CNN
32,0.0,2018-04-09 17:10:08,0.0,1.0,0.0,32,The stock market can't figure out President Trump's trade policy https://t.co/HAB2bsxco0 https://t.co/UoCsLTvhKE,@CNN
33,-0.0258,2018-04-09 17:00:12,0.154,0.647,0.199,33,Pope Francis says helping the poor and migrants is as important as opposing abortion https://t.co/B9rmyQdHgS https://t.co/XtVV4kelqz,@CNN
34,-0.6705,2018-04-09 16:51:12,0.184,0.816,0.0,34,At least 23 schoolchildren were among those killed Monday in northern India after their bus skidded off the road an‚Ä¶ https://t.co/67yfiJaJxX,@CNN
35,0.0,2018-04-09 16:43:03,0.0,1.0,0.0,35,Some Facebook users can now see whether their data may have been obtained by political data firm Cambridge Analytic‚Ä¶ https://t.co/HFVSiXVeK4,@CNN
36,-0.0772,2018-04-09 16:36:26,0.129,0.756,0.116,36,Mark Zuckerberg has a clear message for Congress in the wake of the Cambridge Analytica scandal: It's my fault:‚Ä¶ https://t.co/sl6PxaHXyO,@CNN
37,-0.802,2018-04-09 16:24:03,0.366,0.551,0.083,37,"President Trump strongly condemns the ""atrocious"" chemical weapons attack in Syria and says a decision on US action‚Ä¶ https://t.co/wBVvORqpm0",@CNN
38,-0.4215,2018-04-09 16:15:27,0.216,0.69,0.095,38,"Does Putin bear responsibility for the suspected chemical attack in Syria?

President Trump: ‚ÄúHe may, yeah, he may.‚Ä¶ https://t.co/tmDaXti97p",@CNN
39,0.0,2018-04-09 16:06:04,0.0,1.0,0.0,39,President Trump: ‚ÄúWe‚Äôll be making some major decisions over the next 24 to 48 hours‚Äù on a US response to the suspec‚Ä¶ https://t.co/iSTwBp9FOX,@CNN
40,-0.5106,2018-04-09 16:00:37,0.155,0.845,0.0,40,"President Trump condemns the ‚Äúheinous attack‚Äù on Syrian civilians: ‚ÄúThis is about humanity... If it‚Äôs Russia, if it‚Ä¶ https://t.co/vQxuUYgOo0",@CNN
41,0.0,2018-04-09 15:51:28,0.0,1.0,0.0,41,"Facebook CEO Mark Zuckerberg is on Capitol Hill to meet with lawmakers, including members of committees holding hea‚Ä¶ https://t.co/vTmwxfTEHS",@CNN
42,-0.802,2018-04-09 15:50:06,0.387,0.613,0.0,42,"Sean Hannity, who mocked Michelle Obama, says it's wrong to mock Melania Trump | via @CNNopinion‚Ä¶ https://t.co/AgR2qL6zuv",@CNN
43,-0.5423,2018-04-09 15:40:08,0.231,0.769,0.0,43,"Oklahoma teachers continue their walkout for a sixth day today, maintaining their pressure on state legislators for‚Ä¶ https://t.co/Jppkmfi74G",@CNN
44,0.0258,2018-04-09 15:30:10,0.059,0.876,0.064,44,"Rick Scott is the toughest challenger Bill Nelson has faced for Florida Senate, but Nelson's still a slight favorit‚Ä¶ https://t.co/EHq9izkgN9",@CNN
45,0.0,2018-04-09 15:20:12,0.0,1.0,0.0,45,What cities and states are doing about guns since the Parkland shooting https://t.co/vngGcWVQF7 https://t.co/9chaUhwhAl,@CNN
46,-0.4588,2018-04-09 15:12:03,0.16,0.84,0.0,46,The FDA worried this drug was risky. Now doctors are concerned about the report of more than 700 deaths in the less‚Ä¶ https://t.co/esK5Q2wVDM,@CNN
47,0.6808,2018-04-09 15:07:36,0.0,0.781,0.219,47,People from both Canada and the United States are sharing photos of hockey sticks left on porches as a tribute to p‚Ä¶ https://t.co/ubUTEoRBxU,@CNN
48,-0.6597,2018-04-09 15:03:51,0.252,0.748,0.0,48,"A disaster was narrowly averted in eastern India on Saturday after a runaway train carrying up to 1,000 passengers‚Ä¶ https://t.co/3DeQiqTNRR",@CNN
49,0.6808,2018-04-09 14:47:09,0.0,0.781,0.219,49,Prince Harry and Meghan Markle are asking people who wish to send them a wedding gift to consider donating to one o‚Ä¶ https://t.co/BOh2wHicgI,@CNN
50,-0.1901,2018-04-09 14:31:06,0.077,0.923,0.0,50,"When it comes to Syria, President Trump can tweet and launch strikes if he wants, but not much else | Analysis by‚Ä¶ https://t.co/q5wp5kGq43",@CNN
51,-0.4549,2018-04-09 14:21:53,0.153,0.847,0.0,51,"RT @cnni: Two of the most wanted fighters from the British ISIS cell called ""the Beatles"" spoke with @npwcnn from inside the detention faci‚Ä¶",@CNN
52,0.0,2018-04-09 14:20:03,0.0,1.0,0.0,52,"As images of Syrian children gasping and convulsing spread around the world, President Trump and other internationa‚Ä¶ https://t.co/QFqM3UzVxs",@CNN
53,0.3182,2018-04-09 14:04:35,0.0,0.881,0.119,53,Life coach Tony Robbins apologized for his comments about the #MeToo movement after suggesting during a March event‚Ä¶ https://t.co/U0Ln3fjW8v,@CNN
54,0.0,2018-04-09 13:52:05,0.0,1.0,0.0,54,From political refugee to CEO: How Geisha Williams made history by becoming the first Latina CEO of a Fortune 500 C‚Ä¶ https://t.co/v9AAlj9mmM,@CNN
55,0.128,2018-04-09 13:40:21,0.0,0.909,0.091,55,Defense Secretary James Mattis on the possibility of launching airstrikes against Syrian President Bashar al-Assad'‚Ä¶ https://t.co/4Oi2LTEfJ4,@CNN
56,-0.0772,2018-04-09 13:29:17,0.075,0.925,0.0,56,"""Black Panther"" passes ""Titanic"" at the box office on the all-time list of highest grossing films‚Ä¶ https://t.co/Lf9lIVteVA",@CNN
57,-0.0258,2018-04-09 13:20:01,0.18,0.645,0.175,57,Attorney General Jeff Sessions just made the opioid war harder to win | via @CNNopinion https://t.co/eO2ZYGLkm8 https://t.co/5ZmHgOzoz7,@CNN
58,-0.6597,2018-04-09 13:12:03,0.252,0.748,0.0,58,"A disaster was narrowly averted in eastern India after a runaway train carrying up to 1,000 passengers rolled with‚Ä¶ https://t.co/lGO0pA0YRX",@CNN
59,-0.0018,2018-04-09 13:05:54,0.123,0.754,0.123,59,"Syria and it most powerful ally, Russia, blamed Israel for striking an airbase in the war-torn country on Monday, f‚Ä¶ https://t.co/dU3bFRhJlV",@CNN
60,-0.3612,2018-04-09 13:00:15,0.128,0.809,0.064,60,Stormy Daniels' legal team plans to release a composite sketch of the man the porn star says threatened her in 2011‚Ä¶ https://t.co/Rbmaf5sW4J,@CNN
61,0.0,2018-04-09 12:49:37,0.063,0.874,0.063,61,"Florida Republican Gov. Rick Scott says he's running for the US Senate, setting up a serious challenge to the state‚Ä¶ https://t.co/9oHrPWsZw6",@CNN
62,0.6369,2018-04-09 12:45:10,0.0,0.704,0.296,62,Beyond Tokyo: 8 of Japan's best foodie destinations https://t.co/0vjI9pVzDK via @CNNTravel https://t.co/MPo2WPjbfX,@CNN
63,-0.0258,2018-04-09 12:38:55,0.154,0.647,0.199,63,Pope Francis says helping the poor and migrants is as important as opposing abortion https://t.co/XHbOXLchua https://t.co/XXBefmOdcn,@CNN
64,-0.25,2018-04-09 12:37:05,0.114,0.818,0.068,64,Russia's Defense Ministry has claimed that Israel was behind a series of strikes on an airbase in central Syria on‚Ä¶ https://t.co/IrPIXbxHUd,@CNN
65,0.0,2018-04-09 12:30:11,0.0,1.0,0.0,65,"Donald Trump always strives to command center stage, but the US President is now embroiled in so many escalating gl‚Ä¶ https://t.co/2yZT9mnSSF",@CNN
66,0.0,2018-04-09 12:26:02,0.0,1.0,0.0,66,"Deutsche Bank, Germany's biggest lender, is getting rid of its CEO after years of heavy losses.‚Ä¶ https://t.co/O1UvpLNxyz",@CNN
67,0.0,2018-04-09 12:19:04,0.0,1.0,0.0,67,4 questions Congress must ask Facebook CEO Mark Zuckerberg https://t.co/5PaplSDYRt https://t.co/TPsfQPpUKu,@CNN
68,-0.1226,2018-04-09 12:16:02,0.063,0.937,0.0,68,"Two of the most wanted fighters from the British ISIS cell known as ""the Beatles"" have called some of the group's a‚Ä¶ https://t.co/ErTHLwtmHe",@CNN
69,0.0,2018-04-09 12:12:37,0.0,1.0,0.0,69,"Facebook CEO Mark Zuckerberg is on Capitol Hill today to meet with lawmakers, including members of committees holdi‚Ä¶ https://t.co/TEjSDM8O0O",@CNN
70,-0.5106,2018-04-09 12:12:02,0.275,0.604,0.121,70,"New York Times top editor on journalism's ""biggest crisis"" https://t.co/YZqAM2JZ2X https://t.co/aGlBwRjZrc",@CNN
71,0.0,2018-04-09 12:04:23,0.0,1.0,0.0,71,What cities and states are doing about guns since the Parkland shooting https://t.co/x2gNmQqcvg https://t.co/q70mtKVUqn,@CNN
72,0.0,2018-04-09 12:03:04,0.0,1.0,0.0,72,Designing for hedonists: The evolution of nightclub interiors https://t.co/PJKGBCwL2b via @CNNStyle https://t.co/osJPpj5Jlo,@CNN
73,-0.6597,2018-04-09 11:59:06,0.252,0.748,0.0,73,"A disaster was narrowly averted in eastern India on Saturday after a runaway train carrying up to 1,000 passengers‚Ä¶ https://t.co/VGZeMMBqZ9",@CNN
74,0.0,2018-04-09 11:56:02,0.0,1.0,0.0,74,"How President Trump might counter ""Animal Assad"" https://t.co/1UCL0ugNRt | via @CNNOpinion https://t.co/6Vxl00eqbc",@CNN
75,0.5859,2018-04-09 11:51:07,0.0,0.759,0.241,75,16-year-old breaks Commonwealth Games record to win shooting gold for India https://t.co/ckEnqdDG2p https://t.co/Y7CYQy1zrp,@CNN
76,-0.3818,2018-04-09 11:44:06,0.178,0.822,0.0,76,Here's everything you need to know about the US-China trade battle https://t.co/qfAXCtoeph https://t.co/qc6MwmahAG,@CNN
77,-0.5423,2018-04-09 11:39:27,0.231,0.769,0.0,77,"Oklahoma teachers will continue their walkout for a sixth day today, maintaining their pressure on state legislator‚Ä¶ https://t.co/FdYFsxlo0U",@CNN
78,-0.6124,2018-04-09 11:38:04,0.417,0.583,0.0,78,"Lightning strike kills 1, injures 4 in Florida https://t.co/iDZeD9keEh https://t.co/MnHKWwyfzB",@CNN
79,0.0,2018-04-09 11:31:05,0.0,1.0,0.0,79,Atlanta is the world's busiest airport for another year. Here's the rest of the list: https://t.co/qy5qAnTwjG,@CNN
80,0.0,2018-04-09 11:30:06,0.0,1.0,0.0,80,"As images of Syrian children gasping and convulsing spread around the world, President Trump and other internationa‚Ä¶ https://t.co/4UF8wtRLft",@CNN
81,-0.6249,2018-04-09 11:26:30,0.186,0.814,0.0,81,"RT @NewDay: ""They're really very ordinary,"" says @npwcnn of British ISIS terrorists called ""the Beatles.""

""Unextraordinary people to some‚Ä¶",@CNN
82,-0.1226,2018-04-09 11:26:19,0.066,0.934,0.0,82,"Two of the most wanted fighters from the British ISIS cell called ""the Beatles"" have called some of the group's act‚Ä¶ https://t.co/TJ5ez1pFVh",@CNN
83,0.0,2018-04-09 11:26:05,0.0,1.0,0.0,83,US military resumes air operations in Djibouti https://t.co/tb7GCGzpIl https://t.co/dMKZRtdHaw,@CNN
84,-0.6597,2018-04-09 11:20:03,0.318,0.568,0.114,84,Ferrari mechanic suffers a broken leg after being hit by a car during a pit stop at the Bahrain Grand Prix https://t.co/Hz9pxAiJFO,@CNN
85,0.3182,2018-04-09 11:16:03,0.0,0.881,0.119,85,Life coach Tony Robbins apologized for his comments about the #MeToo movement after suggesting during a March event‚Ä¶ https://t.co/iWTVDtKsqB,@CNN
86,0.0,2018-04-09 11:12:06,0.0,1.0,0.0,86,Advocacy groups claim YouTube illegally collects data from kids https://t.co/cekqlCi0z1 https://t.co/zjlS4plfp6,@CNN
87,-0.4588,2018-04-09 11:10:34,0.16,0.84,0.0,87,The FDA worried this drug was risky. Now doctors are concerned about the report of more than 700 deaths in the less‚Ä¶ https://t.co/7v8OKBAdFh,@CNN
88,0.0,2018-04-09 11:06:04,0.0,1.0,0.0,88,Cambridge Analytica whistleblower says data could've come from more than 87 million users and be stored in Russia‚Ä¶ https://t.co/Ul43cBSA1l,@CNN
89,-0.4019,2018-04-09 11:00:09,0.153,0.847,0.0,89,"5 things for Monday:

- Syria
- Alaska 'bathroom bill'
- Hungary election
- Canada bus crash
- Tony Robbins and‚Ä¶ https://t.co/4MGWimP6ee",@CNN
90,-0.802,2018-04-09 10:58:02,0.444,0.556,0.0,90,Army identifies two soldiers killed in Kentucky helicopter crash https://t.co/Dqje3GDcLG https://t.co/rXwFCMGiXH,@CNN
91,-0.3182,2018-04-09 10:52:06,0.246,0.628,0.126,91,Syria attack response looms over John Bolton's first week as national security adviser https://t.co/iqhidMOnZO https://t.co/YKp7r5Vlt0,@CNN
92,0.0,2018-04-09 10:50:07,0.0,1.0,0.0,92,"When Congress returns Monday from a two-week recess, all eyes will be on Facebook CEO Mark Zuckerberg as he takes t‚Ä¶ https://t.co/rvKkEqwlqD",@CNN
93,-0.4588,2018-04-09 10:46:04,0.25,0.75,0.0,93,"A year after the US attacked Syria, what's changed? https://t.co/fD4i63D5cc https://t.co/T2skoyLYDv",@CNN
94,0.2263,2018-04-09 10:45:04,0.14,0.628,0.232,94,Should Democrats worry that a blue wave is being treated like a sure thing? | Analysis by @zbyronwolf¬†‚Ä¶ https://t.co/ic7X2vHlwu,@CNN
95,-0.6249,2018-04-09 10:41:02,0.389,0.611,0.0,95,"Muenster van attack driver acted alone, police say https://t.co/0ImvR5IoMW https://t.co/BweBbbfH2O",@CNN
96,0.0,2018-04-09 10:35:35,0.0,1.0,0.0,96,Bill Cosby's retrial begins in Pennsylvania today -- the first time the comedian's case returns to court since the‚Ä¶ https://t.co/mKOcWGBE5R,@CNN
97,0.0,2018-04-09 10:35:05,0.0,1.0,0.0,97,"Republican Sen. John McCain says President Trump ""emboldened"" Syrian leader Bashar al-Assad with comments on US wit‚Ä¶ https://t.co/2Dm4Cpqyla",@CNN
98,0.0,2018-04-09 10:31:07,0.0,1.0,0.0,98,"New Trump adviser is ""not much of a carrot man"" https://t.co/5yAePVYewm | via @CNNopinion https://t.co/Cib9B7ZUTl",@CNN
99,-0.3182,2018-04-09 10:26:01,0.112,0.837,0.051,99,Several cities and states have taken matters into their own hands on gun regulation since the February 14 Parkland‚Ä¶ https://t.co/f9mmASATVg,@CNN
0,0.0,2018-04-09 21:28:49,0.0,1.0,0.0,0,"FBI raids home, office of Trump attorney Michael Cohen, under scrutiny over Stormy Daniels payments - via‚Ä¶ https://t.co/iEZix1mxgI",@FoxNews
1,0.3182,2018-04-09 21:25:15,0.122,0.667,0.212,1,.@kimguilfoyle on alleged chemical attack in Syria: ‚ÄúNow this is an opportunity for @POTUS to show his resolve and‚Ä¶ https://t.co/6JikwJNlU3,@FoxNews
2,0.0,2018-04-09 21:14:17,0.0,1.0,0.0,2,"UPDATE: FBI raids home, office of #Trump attorney Michael Cohen, under scrutiny over Stormy Daniels payments https://t.co/CJbWkVS79j",@FoxNews
3,0.0,2018-04-09 20:51:00,0.0,1.0,0.0,3,Fleetwood Mac replacing Lindsey Buckingham before upcoming tour https://t.co/fVF9Mp9opJ,@FoxNews
4,-0.802,2018-04-09 20:41:00,0.474,0.526,0.0,4,Opioid crisis worse than Pablo Escobar era: ex-DEA agents https://t.co/c3DMnxYixV,@FoxNews
5,0.0,2018-04-09 20:30:25,0.0,1.0,0.0,5,"BREAKING: Feds seize documents from #Trump attorney Michael Cohen, AP reports https://t.co/AlkKHP0WVT",@FoxNews
6,0.5859,2018-04-09 20:29:27,0.0,0.798,0.202,6,.@nikkihaley: ‚ÄúWe have reached the moment when the world must see justice done. History will record this as the mom‚Ä¶ https://t.co/PKo1hhqM84,@FoxNews
7,0.4215,2018-04-09 20:23:26,0.0,0.877,0.123,7,.@nikkihaley: ‚ÄúWhat we are dealing with today is not about a spat between the United States and Russia. This is abo‚Ä¶ https://t.co/UtEWInHzYg,@FoxNews
8,-0.6369,2018-04-09 20:17:40,0.208,0.792,0.0,8,.@nikkihaley: ‚ÄúWe must not overlook Russia and Iran‚Äôs roles in enabling the Assad regime‚Äôs murderous destruction.‚Äù https://t.co/wcfeCswMbG,@FoxNews
9,-0.5106,2018-04-09 20:08:00,0.325,0.552,0.123,9,Teachers Union Threatens Wells Fargo: 'Ditch' NRA or Lose Our Business https://t.co/RVPCKD9VBg,@FoxNews
10,0.0,2018-04-09 19:58:40,0.0,1.0,0.0,10,"JUST IN: Israel gave heads-up to US before launching airstrike on Syria, US official says https://t.co/1nO6QysDyf",@FoxNews
11,0.0,2018-04-09 19:51:11,0.0,1.0,0.0,11,Facebook CEO Zuckerberg testimony: ‚Äòtoo slow‚Äô in Russia interference response (via @FoxBusiness) https://t.co/bsQw2mfxqL,@FoxNews
12,0.0,2018-04-09 19:40:00,0.0,1.0,0.0,12,"Brandon Judd: 'When We Have the National Guard on the Border, the Cartels Take Notice' https://t.co/WiInGzgyO0",@FoxNews
13,0.5574,2018-04-09 19:31:00,0.0,0.769,0.231,13,Right to carry guns in schools case headed to Michigan Supreme Court https://t.co/qFnfZPQdAO,@FoxNews
14,-0.836,2018-04-09 19:22:00,0.418,0.582,0.0,14,Gov. Walker: Democrats' Rhetoric Ahead of Midterms Filled With 'Hatred and Anger' https://t.co/3hO7y7q4ir,@FoxNews
15,-0.4939,2018-04-09 19:14:00,0.286,0.714,0.0,15,New foam armor for tanks can pulverize enemies https://t.co/LZQv9MQFJy,@FoxNews
16,0.0,2018-04-09 19:01:08,0.0,1.0,0.0,16,".@PressSec: ‚ÄúThe president wants to bring our troops home after we complete the mission to eradicate ISIS in Syria."" https://t.co/vkJPE2gzaU",@FoxNews
17,0.34,2018-04-09 18:55:15,0.0,0.876,0.124,17,.@PressSec: ‚ÄúThe president and his national security team are consulting closely with allies and partners to determ‚Ä¶ https://t.co/gtCxEaN9nc,@FoxNews
18,0.0,2018-04-09 18:48:04,0.0,1.0,0.0,18,.@PressSec Sarah Sanders holds a briefing https://t.co/YxMR6d0PDd,@FoxNews
19,0.0,2018-04-09 18:37:54,0.0,1.0,0.0,19,".@SenBillNelson on Mark Zuckerberg's upcoming testimony: If we don‚Äôt do something about this, we‚Äôre not going to ha‚Ä¶ https://t.co/90Dgie3h0M",@FoxNews
20,-0.34,2018-04-09 18:31:57,0.211,0.789,0.0,20,Georgia reignites longstanding feud over border with northern neighbors https://t.co/HNQBOEfStS,@FoxNews
21,0.7579,2018-04-09 18:30:55,0.0,0.745,0.255,21,.@FLGovScott on @dailybriefing: ‚ÄúWe have to make sure we defend our own borders and defend the freedom of this coun‚Ä¶ https://t.co/jB9CN4Uoqs,@FoxNews
22,0.0,2018-04-09 18:25:11,0.0,1.0,0.0,22,.@FLGovScott on @dailybriefing: ‚ÄúI believe that we can change Washington.‚Äù https://t.co/etdgQ3PUtP https://t.co/M5vF2Fem6G,@FoxNews
23,0.0,2018-04-09 18:22:31,0.0,1.0,0.0,23,"Ex-AG Lynch: Clinton tarmac talk was about 'innocuous things' - via @brookefoxnews 
https://t.co/Dv1DOgEbXi",@FoxNews
24,-0.4767,2018-04-09 18:13:10,0.171,0.829,0.0,24,".@POTUS calls Syria chemical attack 'atrocious,' says U.S. to make 'major decisions' in coming hours https://t.co/TihuiGkTVR",@FoxNews
25,0.0,2018-04-09 17:33:59,0.0,1.0,0.0,25,Hiker Meets Reindeer Herd in Cairngorms National Park in Scotland https://t.co/hOowjIx64X,@FoxNews
26,0.0,2018-04-09 17:29:29,0.0,1.0,0.0,26,"Brandon Judd: 'When We Have the National Guard on the Border, the Cartels Take Notice' https://t.co/ekjweddTYh",@FoxNews
27,-0.836,2018-04-09 17:15:47,0.418,0.582,0.0,27,Gov. @ScottWalker: Democrats' Rhetoric Ahead of Midterms Filled With 'Hatred and Anger' https://t.co/wf9kbtInq6,@FoxNews
28,0.2023,2018-04-09 16:47:47,0.135,0.676,0.189,28,Puppy in Texas Rescued After Getting Head Stuck in Car Wheel https://t.co/rJwe7uUEpy,@FoxNews
29,0.0,2018-04-09 16:36:06,0.0,1.0,0.0,29,.@POTUS orders National Guard to the southern border https://t.co/0RXkQA4C3x,@FoxNews
30,0.0,2018-04-09 16:25:49,0.0,1.0,0.0,30,"US Attorney John Lausch to oversee FISA warrant document release - via @brookefoxnews @JakeBGibson 
https://t.co/U6X5kS5ZCD",@FoxNews
31,-0.128,2018-04-09 16:25:41,0.111,0.889,0.0,31,Solar storm could strike Earth this week: What you need to know https://t.co/ji311frJMA,@FoxNews
32,0.0,2018-04-09 16:22:56,0.0,1.0,0.0,32,US Attorney John Lausch to oversee FISA warrant document release https://t.co/9WPO96H5iu,@FoxNews
33,0.0,2018-04-09 16:21:48,0.0,1.0,0.0,33,Secretary Mattis on Possible US Military Action Against Assad: 'I Don't Rule Out Anything' https://t.co/RiGBLS5PQn,@FoxNews
34,-0.5574,2018-04-09 16:15:47,0.338,0.662,0.0,34,"Mattis faults Russia on Syria, won't rule out US strike https://t.co/wOB9EKByH9",@FoxNews
35,-0.2263,2018-04-09 16:12:51,0.094,0.851,0.055,35,.@POTUS: ‚ÄúWe need a wall‚Ä¶ It‚Äôll stop a lot of people that we don‚Äôt want in this country from coming into our countr‚Ä¶ https://t.co/55wEoECcWe,@FoxNews
36,0.0,2018-04-09 16:10:12,0.0,1.0,0.0,36,.@POTUS: ‚ÄúWe‚Äôre putting the National Guard and military at the border. We‚Äôre beefing up the border patrol.‚Äù https://t.co/JGa4JiYLZE,@FoxNews
37,0.5859,2018-04-09 16:06:20,0.0,0.798,0.202,37,.@POTUS on trade: ‚ÄúChina has been taking advantage of the United States for many years‚Ä¶ They have really done a num‚Ä¶ https://t.co/XbqM27U4AX,@FoxNews
38,-0.7351,2018-04-09 16:03:05,0.246,0.754,0.0,38,".@POTUS on the alleged Syria chemical attack: ‚ÄúIt was an atrocious attack, it was horrible‚Ä¶ We‚Äôll be making some ma‚Ä¶ https://t.co/NLaDnkB6fs",@FoxNews
39,-0.3182,2018-04-09 15:48:51,0.187,0.813,0.0,39,.@Richardafowler on escalating trade tension between China and the U.S. https://t.co/cEPZmWKl72,@FoxNews
40,-0.3182,2018-04-09 15:41:12,0.247,0.753,0.0,40,Alex Conant: ‚ÄúEveryone loses in a trade war.‚Äù https://t.co/pPKIsqKU3f,@FoxNews
41,0.0,2018-04-09 15:30:54,0.0,1.0,0.0,41,RT @FoxBusiness: Dow at session highs: https://t.co/I7RKNQgnlb https://t.co/6GPmRL0K23,@FoxNews
42,0.128,2018-04-09 15:20:42,0.0,0.88,0.12,42,'Shirtless' daredevil draped in American flag climbs 200-foot crane in Hollywood https://t.co/LObFSY5JsF,@FoxNews
43,-0.296,2018-04-09 15:06:25,0.145,0.855,0.0,43,"Breaking News: Body of Tennessee double-murder suspect believed to be found, sheriff says https://t.co/lEbAZCvlrf",@FoxNews
44,0.0,2018-04-09 14:43:27,0.0,1.0,0.0,44,Toddler on American Airlines flight hit in head with oxygen canister that fell from ceiling during landing https://t.co/BO5ZoXFtDO,@FoxNews
45,0.0,2018-04-09 14:36:36,0.0,1.0,0.0,45,"Brandon Judd: ‚ÄúWhen we have the National Guard on the border, the cartels take notice.‚Äù https://t.co/zQ5dC38M6D",@FoxNews
46,0.3182,2018-04-09 14:34:51,0.0,0.874,0.126,46,"‚ÄúIt‚Äôs going to be a huge boon."" ‚Äì Brandon Judd on @USNationalGuard troops heading to the southern border https://t.co/HpdVpSk2WD",@FoxNews
47,0.0,2018-04-09 14:29:26,0.0,1.0,0.0,47,Texas Gov on Sending Nat'l Guard to Border: 'There's a Mathematical Need For This' https://t.co/zaGRhlMHdb,@FoxNews
48,-0.5574,2018-04-09 14:26:01,0.231,0.769,0.0,48,Horse trailer carrying at least 18 illegal immigrants crashes in Southern California https://t.co/vDBNYCcCfP,@FoxNews
49,0.0,2018-04-09 14:23:41,0.0,1.0,0.0,49,"Mac Thornberry: ""We‚Äôve got to do whatever it takes to have planes that fly and have training that is appropriate fo‚Ä¶ https://t.co/PxyBSYRb7e",@FoxNews
50,0.4576,2018-04-09 14:20:34,0.0,0.88,0.12,50,"Mac Thornberry: ‚ÄúWhat we do speaks much more clearly than what we say, and to show Putin and Assad and everybody el‚Ä¶ https://t.co/pXOMQvtSfZ",@FoxNews
51,0.0,2018-04-09 14:15:12,0.0,1.0,0.0,51,"Mac Thornberry: ‚ÄúWe cannot fix Syria...We have to work with our allies to try to keep a lid on things."" https://t.co/VaXqZgzSTW",@FoxNews
52,0.3612,2018-04-09 14:12:15,0.0,0.706,0.294,52,Tony Robbins apologizes for #MeToo comments https://t.co/NDTXRdhvmr,@FoxNews
53,0.34,2018-04-09 14:08:49,0.0,0.854,0.146,53,"Mac Thornberry: ""Syria is a cauldron of security concerns for all sorts of countries.‚Äù https://t.co/UjnLduMUV4 https://t.co/b3lTjMkMql",@FoxNews
54,0.3818,2018-04-09 14:05:35,0.0,0.88,0.12,54,"RT @FoxBusiness: .@SecretaryPerry: ""Now, because of American innovation, American technology, we are now in the driver's seat when it comes‚Ä¶",@FoxNews
55,0.4336,2018-04-09 14:05:23,0.0,0.856,0.144,55,"RT @FoxBusiness: .@SecretaryPerry: ""Fracking, horizontal drilling completely changed the dynamic out there in the world from the standpoint‚Ä¶",@FoxNews
56,0.4939,2018-04-09 14:04:13,0.0,0.789,0.211,56,"Meghan Markle, Prince Harry ask for donations to charities as wedding gifts https://t.co/UPI4eSKubw",@FoxNews
57,0.0,2018-04-09 14:01:51,0.0,1.0,0.0,57,Homeless residents brag about makeshift 'mansion' near Seattle's famed Space Needle https://t.co/O3WadCSrqE,@FoxNews
58,-0.5423,2018-04-09 13:12:00,0.243,0.757,0.0,58,"Facebook must shape up, or it will be 'broken up,' senator warns https://t.co/Q8Rozj7Hrr #fntech (via @christocarbone)",@FoxNews
59,-0.7096,2018-04-09 13:01:08,0.33,0.67,0.0,59,Topless woman charges at Bill Cosby as he arrives for sex assault retrial https://t.co/7ekE4V4H7F,@FoxNews
60,0.0,2018-04-09 12:59:25,0.0,1.0,0.0,60,".@SecretaryPerry: ‚ÄúYou‚Äôve got to have boots on the ground, you‚Äôve got to have the technologies, that‚Äôs the reason t‚Ä¶ https://t.co/nGnZTfWihb",@FoxNews
61,-0.5859,2018-04-09 12:52:15,0.348,0.652,0.0,61,73-year-old survives crash through brick wall and down 10-foot drop https://t.co/JH9HTBtN4u,@FoxNews
62,0.6808,2018-04-09 12:30:27,0.0,0.763,0.237,62,.@ScottWalker: ‚ÄúWe protect our shores and our borders and I applaud the president for stepping up to take on illega‚Ä¶ https://t.co/p97zi26qGq,@FoxNews
63,-0.0747,2018-04-09 12:10:12,0.145,0.727,0.128,63,Hackers hit Iran with US flag and 'Don't mess with our elections' warning https://t.co/Wp8Qc5G4Si,@FoxNews
64,0.6124,2018-04-09 11:46:36,0.0,0.688,0.312,64,.@GovAbbott on @foxandfriends: ‚ÄúTexas wants to ensure that we secure the border.‚Äù https://t.co/fwGehxeoqM,@FoxNews
65,0.7713,2018-04-09 11:45:07,0.0,0.718,0.282,65,".@GovAbbott: ""The people of Texas are very appreciative that the president of the United States has recognized this‚Ä¶ https://t.co/kMRze2Y37o",@FoxNews
66,0.0,2018-04-09 11:32:36,0.0,1.0,0.0,66,Ronald Vitello: ‚ÄúConsequences matter‚Ä¶We need to reduce the activity level at the border.‚Äù @foxandfriends https://t.co/IfOPglGQfx,@FoxNews
67,0.0,2018-04-09 11:26:49,0.0,1.0,0.0,67,Cooler than average temperatures continue for the Midwest and Northeast (via @JaniceDean) https://t.co/ci8Hm7Q6Of,@FoxNews
68,0.0,2018-04-09 11:25:01,0.0,1.0,0.0,68,"JUST IN: Florida GOP Gov. Rick Scott running for Senate, report says https://t.co/hQgoeiQpsb",@FoxNews
69,0.4019,2018-04-09 11:23:38,0.0,0.856,0.144,69,Ronald Vitello on @USNationalGuard at the southern border: ‚ÄúThey‚Äôre going to help us by adding capacity.‚Äù‚Ä¶ https://t.co/oiOA1sIqWU,@FoxNews
70,-0.5574,2018-04-09 11:05:02,0.295,0.591,0.114,70,".@RalphNorman: ‚ÄúI believe that the only thing that stops a bad guy with a gun, is a good guy with a gun.‚Äù https://t.co/eboQAn54i6",@FoxNews
71,0.0772,2018-04-09 10:58:23,0.0,0.925,0.075,71,"OPINION: Want jobs? Nebraska reforms have more people working, fewer on welfare and food stamps (via‚Ä¶ https://t.co/t9QPR8HRKx",@FoxNews
72,-0.9062,2018-04-09 10:32:14,0.468,0.532,0.0,72,.@LindseyGrahamSC on the suspected Syria chemical attack: ‚ÄúI think now [Assad] is a legitimate war criminal in the‚Ä¶ https://t.co/nunsCfmgbG,@FoxNews
73,-0.8402,2018-04-09 10:28:47,0.417,0.583,0.0,73,.@LindseyGrahamSC on the suspected Syria chemical attack: ‚ÄúWe should make [Assad] pay a heavy price by destroying h‚Ä¶ https://t.co/e9yFdSIgWJ,@FoxNews
74,-0.802,2018-04-09 10:28:05,0.474,0.526,0.0,74,Army identifies 2 killed in helicopter crash in Kentucky https://t.co/O2k3izcQvA https://t.co/wWVEuIaCpL,@FoxNews
75,-0.7003,2018-04-09 10:07:05,0.326,0.674,0.0,75,Russia blames Israel for deadly airstrike on Assad base after alleged chemical attack https://t.co/ttl3yWlLZf,@FoxNews
76,-0.6249,2018-04-09 09:56:41,0.287,0.622,0.091,76,.@RLHeinrichs on the Syria chemical attack: ‚ÄúYou can‚Äôt allow chemical weapons to continue being used.‚Äù‚Ä¶ https://t.co/CnW8ZaedJP,@FoxNews
77,0.0,2018-04-09 09:41:32,0.0,1.0,0.0,77,Sen. Jeff Flake's son seeks new civil trial against Joe Arpaio https://t.co/rqc9nLB9Tm https://t.co/RhieDXVfYz,@FoxNews
78,0.0,2018-04-09 09:35:10,0.0,1.0,0.0,78,Texas Begins Deploying Troops to the Border https://t.co/9gYLu12hvH https://t.co/VsUSbZhUtE,@FoxNews
79,-0.128,2018-04-09 09:16:10,0.147,0.736,0.117,79,South Carolina reps introduce bill to allow debate on secession over gun laws https://t.co/xa9m1r0ptu,@FoxNews
80,-0.5423,2018-04-09 09:01:54,0.163,0.837,0.0,80,"Democratic strategist Chuck Rocha: ""Nobody in America wants anybody coming here who wants to do harm to America."" https://t.co/MYBFQmnRBu",@FoxNews
81,-0.4019,2018-04-09 09:00:00,0.229,0.684,0.087,81,.@larry_kudlow tries to calm trade war fears but says #Trump 'not bluffing' about China tariffs https://t.co/dUUt2Xc9G6,@FoxNews
82,-0.5423,2018-04-09 08:55:00,0.259,0.741,0.0,82,New high-speed Florida train kills 4th person since launching service https://t.co/bQAcrPIa3x,@FoxNews
83,-0.7003,2018-04-09 08:50:00,0.326,0.674,0.0,83,Russia blames Israel for deadly airstrike on Assad base after alleged chemical attack https://t.co/ttl3yWDmQN,@FoxNews
84,-0.4404,2018-04-09 08:42:00,0.172,0.828,0.0,84,".@RepMcCaul: ""I remember @JohnKerry saying, 'We took all their chemical weapons away.' Obviously not."" https://t.co/x7G1yQlN19",@FoxNews
85,0.0,2018-04-09 08:40:19,0.0,1.0,0.0,85,".@NanHayworth: ""Extreme vetting, which has been applied to targeted nations that we know are the sources of terror‚Ä¶ https://t.co/OV0e9TAMSN",@FoxNews
86,0.0,2018-04-09 08:37:00,0.0,1.0,0.0,86,Child advocates ask FTC to investigate YouTube https://t.co/vZEB4ezBGD,@FoxNews
87,0.0,2018-04-09 08:32:40,0.0,1.0,0.0,87,Texas begins deploying troops to southern border https://t.co/iKj4LWihu4,@FoxNews
88,0.7783,2018-04-09 08:32:00,0.0,0.657,0.343,88,"On @foxandfriends, @cvpayne praised President @realDonaldTrump's economic policies and their positive results for A‚Ä¶ https://t.co/Cos9MFoHLP",@FoxNews
89,-0.7506,2018-04-09 08:30:09,0.314,0.686,0.0,89,"Delta passenger suffered 'painful' cartilage damage after child on flight repeatedly kicked her, she claims https://t.co/bcvwOCIhxd",@FoxNews
90,-0.4404,2018-04-09 08:22:21,0.233,0.661,0.106,90,"National security analyst Ryan Mauro on Syrian chemical attack: ""I see no other option besides military action.""‚Ä¶ https://t.co/mbBmTmeoQH",@FoxNews
91,0.0,2018-04-09 08:21:00,0.0,1.0,0.0,91,States sending troops to Mexico border. https://t.co/Zep3xNOoPF,@FoxNews
92,-0.7184,2018-04-09 08:18:00,0.273,0.727,0.0,92,".@TheRealJohnHCox: ""This criminal idea of the sanctuary state movement - the people are upset about this because it‚Ä¶ https://t.co/EGULsWk376",@FoxNews
93,-0.0747,2018-04-09 08:16:41,0.145,0.727,0.128,93,Hackers hit Iran with US flag and 'Don't mess with our elections' warning https://t.co/Wp8Qc5XGgS,@FoxNews
94,-0.802,2018-04-09 08:09:05,0.474,0.526,0.0,94,Army identifies 2 killed in helicopter crash in Kentucky https://t.co/O2k3izcQvA https://t.co/Zy0NMuT2el,@FoxNews
95,0.0,2018-04-09 08:06:02,0.0,1.0,0.0,95,The lava lake at the summit of Hawaii‚Äôs Kilauea Volcano bubbled and spat on the morning of April 4. The USGS Hawaii‚Ä¶ https://t.co/edPWaWO7Fp,@FoxNews
96,0.5719,2018-04-09 08:00:01,0.0,0.821,0.179,96,".@SarahPalinUSA: ""This is unprecedented‚Äî all those elements of a perfect storm against the will of the people havin‚Ä¶ https://t.co/50FsSD8zBl",@FoxNews
97,-0.4767,2018-04-09 07:55:00,0.193,0.807,0.0,97,"Arizona mom arrested after toddler ate THC-laced mac and cheese, cops say https://t.co/jQii3c6P4C https://t.co/K5C9IRUSRU",@FoxNews
98,0.25,2018-04-09 07:50:00,0.0,0.9,0.1,98,"DOG OF ALL TRADES: Besides being a detection dog, Belle doubles as a fetch expert, showcasing advanced skill by sna‚Ä¶ https://t.co/WEJxOK3WHA",@FoxNews
99,0.6249,2018-04-09 07:49:00,0.0,0.814,0.186,99,".@larry_kudlow: ""Look, [@POTUS is] great negotiator. He has a whole history of that. But in this process, tariffs h‚Ä¶ https://t.co/ddr3vFEmn4",@FoxNews
0,-0.1027,2018-04-09 21:32:04,0.235,0.542,0.223,0,"A Brooklyn man's mind began to unravel after the police fatally shot his best friend. 10 years later, he died the s‚Ä¶ https://t.co/eOOcJBjhZQ",@nytimes
1,-0.2732,2018-04-09 21:17:06,0.174,0.618,0.208,1,"RT @ABarnardNYT: New court papers contend top Syrian security officials deliberately tracked &amp; killed journalist Marie Colvin in 2012, part‚Ä¶",@nytimes
2,0.0,2018-04-09 21:00:07,0.0,1.0,0.0,2,"ü§´
https://t.co/ivXQVRb3TB",@nytimes
3,0.5106,2018-04-09 20:50:07,0.0,0.875,0.125,3,"RT @MarkLandler: ‚ÄúA pleasant guy can still end up urging someone to use nukes, just as an irascible guy can.‚Äù @peterbakernyt  on John Bolto‚Ä¶",@nytimes
4,0.0,2018-04-09 20:40:12,0.0,1.0,0.0,4,One NYT reader's reaction to President Trump saying he'll decide whether to retaliate militarily for the suspected‚Ä¶ https://t.co/36rThr8Anf,@nytimes
5,0.0258,2018-04-09 20:30:14,0.114,0.769,0.117,5,"RT @nytimesworld: The pope issued a 103-page document on Monday, declaring that caring for migrants and the poor was as sacred as ""our defe‚Ä¶",@nytimes
6,0.0258,2018-04-09 20:20:05,0.0,0.939,0.061,6,Many people taking antidepressants are saying they cannot quit because of withdrawal symptoms they were never warne‚Ä¶ https://t.co/t0vZnfpiPB,@nytimes
7,0.0,2018-04-09 20:10:06,0.0,1.0,0.0,7,"RT @coopnytimes: How a Philly cheesesteak goes from the grill to @CarnegieHall, with @PhilOrch and  @nezetseguin, via @todopera  https://t.‚Ä¶",@nytimes
8,-0.3818,2018-04-09 20:06:34,0.184,0.746,0.07,8,"RT @kevinroose: Scoop: Mark Zuckerberg personally emailed activists in Myanmar last week, after they accused him of inaction toward FB-fuel‚Ä¶",@nytimes
9,0.0,2018-04-09 20:04:49,0.0,1.0,0.0,9,"Breaking News: The FBI raided the office of President Trump‚Äôs personal lawyer, seizing records on many topics, incl‚Ä¶ https://t.co/bacTToVwCx",@nytimes
10,0.0,2018-04-09 20:02:36,0.0,1.0,0.0,10,"RT @amyfiscus: NEW: Federal agents raided the office today of Michael Cohen, Trump‚Äôs lawyer https://t.co/dOoQMEY2rO",@nytimes
11,0.0,2018-04-09 20:00:09,0.0,1.0,0.0,11,"‚ÄúWe didn‚Äôt take a broad enough view of our responsibility, and that was a big mistake,‚Äù Mark Zuckerberg wrote in hi‚Ä¶ https://t.co/2anbudHMd5",@nytimes
12,-0.5574,2018-04-09 19:50:06,0.184,0.816,0.0,12,"As evidenced by its latest trailer, ‚ÄúSolo: A Star Wars Story‚Äù will be far from a solo mission https://t.co/t4BjrBHHxw",@nytimes
13,0.3612,2018-04-09 19:40:03,0.0,0.889,0.111,13,"‚ÄúNew York in the early ‚Äô80s was like the wild, wild West; anything could happen, there was so much possibility.‚Äù https://t.co/vE2Mo4hkRt",@nytimes
14,0.0,2018-04-09 19:30:05,0.0,1.0,0.0,14,RT @SteveLohr: What European-style privacy rules may mean for Facebook. https://t.co/Vya2AgcDuy @NatashaNYT explains,@nytimes
15,-0.296,2018-04-09 19:20:06,0.104,0.896,0.0,15,A body found floating near the California coast may belong to one of the 3 teenagers still missing after their fami‚Ä¶ https://t.co/lylvDA3rc1,@nytimes
16,-0.6486,2018-04-09 19:10:06,0.202,0.798,0.0,16,"Congestion pricing was a major priority for the governor, businesses and activists. Now it‚Äôs nearly dead. The obsta‚Ä¶ https://t.co/o9C5BoCqkW",@nytimes
17,0.8126,2018-04-09 19:00:07,0.0,0.72,0.28,17,"RT @jazzedloon: I interviewed Cynthia Nixon, who loves New York State almost as much as she loves talking spicy about Cuomo https://t.co/f5‚Ä¶",@nytimes
18,0.0,2018-04-09 18:50:05,0.0,1.0,0.0,18,It's simple but loaded with flavor https://t.co/N8VwOWA1ow,@nytimes
19,-0.3716,2018-04-09 18:40:03,0.201,0.679,0.12,19,"There‚Äôs something admirable about a show so defiantly opposed to change, but something frustrating, too https://t.co/Pmd3iO9LoU",@nytimes
20,-0.4404,2018-04-09 18:30:11,0.116,0.884,0.0,20,"RT @SopanDeb: At the end of 2017, Hank Azaria responded to criticism of Apu from @harikondabolu as ""upsetting."" So the show finally respond‚Ä¶",@nytimes
21,-0.3182,2018-04-09 18:20:03,0.113,0.887,0.0,21,"In a study across 28 companies, 76% of critical feedback given to women included comments on her personality (e.g.,‚Ä¶ https://t.co/TUalWjJUQ1",@nytimes
22,-0.4019,2018-04-09 18:06:33,0.114,0.886,0.0,22,"Breaking News: The federal deficit is set to rise sharply, topping $1 trillion by 2020, in the first CBO estimate s‚Ä¶ https://t.co/sinJOmbQea",@nytimes
23,0.0,2018-04-09 18:00:21,0.0,1.0,0.0,23,"President Trump ""is always speaking to a proximate audience; unlike other presidents, the speaking, not the speech,‚Ä¶ https://t.co/wImyJJ353V",@nytimes
24,0.4019,2018-04-09 17:50:03,0.0,0.881,0.119,24,RT @MichaelPaulson: NYC playbills from the 18th and 19th centuries will be digitized and searchable at @MuseumofCityNY with boost from @NEH‚Ä¶,@nytimes
25,0.0,2018-04-09 17:40:10,0.0,1.0,0.0,25,President Trump said that he will meet with Kim Jong-un in May or early June https://t.co/c0x2DD3Qs2,@nytimes
26,-0.1027,2018-04-09 17:30:09,0.154,0.75,0.096,26,"‚ÄúIt was my mistake, and I‚Äôm sorry. I started Facebook, I run it, and I‚Äôm responsible for what happens here,‚Äù Mark Z‚Ä¶ https://t.co/BnvctJCv1N",@nytimes
27,0.2621,2018-04-09 17:20:09,0.0,0.886,0.114,27,"Cynthia Nixon: ""We built the Erie Canal! We can‚Äôt fix the subway? Are you kidding me?"" https://t.co/urfn3iJWvz",@nytimes
28,-0.296,2018-04-09 17:10:06,0.091,0.909,0.0,28,RT @AllMattNYT: The Facebook app used to harvest data for Cambridge Analytica had one function: to scrape profile data. There was no ‚Äúin-ap‚Ä¶,@nytimes
29,0.0,2018-04-09 17:00:21,0.0,1.0,0.0,29,Why you should get the new shingles vaccine https://t.co/xaK1AGl8up,@nytimes
30,0.4927,2018-04-09 16:50:07,0.0,0.803,0.197,30,"Move over, Elsa. The most entertaining ice queen on Broadway is Regina George. https://t.co/ONSXYvF14Z",@nytimes
31,-0.5574,2018-04-09 16:45:06,0.173,0.827,0.0,31,RT @readercenter: Confused about the trade conflict between the U.S. and China? Tweet us your questions and we will answer some LIVE from t‚Ä¶,@nytimes
32,0.3182,2018-04-09 16:40:06,0.0,0.901,0.099,32,"""Perhaps for the first time in a very long time, maybe the first time ever, people are beginning to entertain the p‚Ä¶ https://t.co/LwHMBJRCRt",@nytimes
33,0.25,2018-04-09 16:30:05,0.094,0.769,0.137,33,"RT @jasondhorowitz: In major document on holiness, Pope Francis, seeming to brushback conservative critics, says caring for migrants and th‚Ä¶",@nytimes
34,0.0,2018-04-09 16:20:07,0.0,1.0,0.0,34,How Mark Zuckerberg is cramming for his congressional hearings https://t.co/BZaWkSmwz8,@nytimes
35,0.0,2018-04-09 16:10:05,0.0,1.0,0.0,35,Uber found that people who use Jump Bikes travel about the same distance as people who use the company's app to rid‚Ä¶ https://t.co/vo7p9mA6qo,@nytimes
36,0.0,2018-04-09 16:06:45,0.0,1.0,0.0,36,Breaking News: President Trump said he‚Äôll decide in the next 24 to 48 hours whether to retaliate militarily for the‚Ä¶ https://t.co/pm5f4zhHkT,@nytimes
37,0.3612,2018-04-09 16:00:07,0.0,0.878,0.122,37,‚ÄúSomething that started decades ago and was applauded and inoffensive is now politically incorrect. What can you do‚Ä¶ https://t.co/5ZevGIUUfN,@nytimes
38,0.0,2018-04-09 15:50:05,0.0,1.0,0.0,38,The signature may be going out of style https://t.co/iQpUA90mZG,@nytimes
39,-0.6705,2018-04-09 15:40:08,0.243,0.757,0.0,39,The leader of ISIS in northern Afghanistan has been killed by an American airstrike https://t.co/I4KySr1aMn,@nytimes
40,0.8326,2018-04-09 15:30:09,0.056,0.617,0.328,40,RT @TimHerrera: Giving feedback isn‚Äôt easy! But @stephmit is in SL this week talking about how to be better ‚Äî and less biased ‚Äî at giving i‚Ä¶,@nytimes
41,-0.2263,2018-04-09 15:20:10,0.101,0.899,0.0,41,Gov. Rick Scott made official what Floridians have suspected for months: He's running for the U.S. Senate https://t.co/2IrL7lFd1j,@nytimes
42,0.1027,2018-04-09 15:10:05,0.073,0.833,0.094,42,The federal government‚Äôs top ethics official sent a letter to the EPA questioning Scott Pruitt's actions and asking‚Ä¶ https://t.co/gpwZQAbPF3,@nytimes
43,0.6705,2018-04-09 15:00:21,0.0,0.683,0.317,43,"Combative, relentless and proudly impolitic, John Bolton has a kindred spirit of sorts in President Trump, a fellow‚Ä¶ https://t.co/rDXkTyjA3G",@nytimes
44,0.1027,2018-04-09 14:50:03,0.086,0.811,0.104,44,"‚ÄúGet a job,‚Äù one Chief Wahoo fan yelled, along with an expletive, at protesters at the Cleveland Indians' home open‚Ä¶ https://t.co/OGmApH1WRA",@nytimes
45,0.5598,2018-04-09 14:40:08,0.0,0.833,0.167,45,"RT @VVFriedman: Why that rumor about Anna Wintour leaving Vogue was so powerful, and what it could mean -  https://t.co/hnJqwO6cR6",@nytimes
46,-0.296,2018-04-09 14:32:06,0.128,0.872,0.0,46,Video: Syria and Russia accused Israel of conducting aistrikes on a Syrian air base on Monday https://t.co/MxTcHGx2TG,@nytimes
47,0.0,2018-04-09 14:25:04,0.0,1.0,0.0,47,"RT @chashomans: I went to some of Trump's post-election rallies, and had some thoughts about them, and wrote down those thoughts: https://t‚Ä¶",@nytimes
48,-0.34,2018-04-09 14:14:06,0.149,0.766,0.086,48,Consumer groups said YouTube failed to comply with a federal law that requires companies to obtain consent from par‚Ä¶ https://t.co/VLXdNstvls,@nytimes
49,-0.875,2018-04-09 14:00:05,0.44,0.56,0.0,49,"Big power tensions in the Syria conflict, already running high after an apparent chemical weapons attack, ratcheted‚Ä¶ https://t.co/JAhWKLryfR",@nytimes
50,0.6908,2018-04-09 13:45:05,0.0,0.678,0.322,50,"Tony Robbins, a life coach, apologized for saying women use #MeToo to gain ""significance"" https://t.co/ZEc5Hy3QpS",@nytimes
51,0.0,2018-04-09 13:30:07,0.0,1.0,0.0,51,"RT @PatrickKingsley: What would happen if a far-right leader cemented power in a western state? In Viktor Orban's Hungary, it's already hap‚Ä¶",@nytimes
52,0.0,2018-04-09 13:20:05,0.0,1.0,0.0,52,Video: Did these women see #MeToo coming? https://t.co/NXZ3mPD44F,@nytimes
53,-0.4404,2018-04-09 13:11:10,0.206,0.687,0.107,53,"Friends of the art collector who died in a fire at Trump Tower said he had been trying to move since the election,‚Ä¶ https://t.co/AADoOZvj7r",@nytimes
54,0.0,2018-04-09 13:00:27,0.0,1.0,0.0,54,Morning¬†Briefing: Here's what you need to know to start your day https://t.co/z6zdDPxTPo https://t.co/fsmzE3skCk,@nytimes
55,0.0,2018-04-09 12:44:06,0.0,1.0,0.0,55,The post-campaign campaign of Donald Trump https://t.co/EFmeLFLJgX https://t.co/nwpMojrmlE,@nytimes
56,-0.1027,2018-04-09 12:30:04,0.062,0.938,0.0,56,"When women have their first child between age 25 and 35, their pay never recovers, relative to that of their husban‚Ä¶ https://t.co/68e886x9kv",@nytimes
57,-0.7717,2018-04-09 12:14:03,0.295,0.705,0.0,57,European leaders' biggest fear may be that President Trump's belligerent approach to trade will destroy the postwar‚Ä¶ https://t.co/tjShh80JUo,@nytimes
58,0.0258,2018-04-09 11:45:04,0.139,0.717,0.143,58,"Caring for migrants and the poor is equally as holy a pursuit as opposing abortion, Pope Francis declared https://t.co/vpN7G3cWgs",@nytimes
59,-0.6124,2018-04-09 11:30:06,0.257,0.672,0.071,59,"RT @TheSteinLine: For the second straight season, one seriously sprained knee forced the Warriors to make the unkindest of roster cuts. My‚Ä¶",@nytimes
60,-0.3818,2018-04-09 11:14:03,0.223,0.625,0.152,60,"After a suspected chemical attack in Syria, President Trump said Iran and Russia were responsible for backing ""Anim‚Ä¶ https://t.co/PYq05VxVKa",@nytimes
61,0.0516,2018-04-09 11:00:13,0.09,0.81,0.1,61,"""At a certain point, you just have to do something,"" said a bookseller in Berlin who helped organize protests again‚Ä¶ https://t.co/KRDuQhzKMH",@nytimes
62,-0.1531,2018-04-09 10:44:06,0.074,0.926,0.0,62,Their data was swept up for Cambridge Analytica. Some of the first known affected Facebook users to be publicly ide‚Ä¶ https://t.co/c3xhGEDI7r,@nytimes
63,0.4588,2018-04-09 10:31:06,0.0,0.84,0.16,63,"RT @nytimesworld: ‚ÄúWe don‚Äôt want migrants to come to Hungary,‚Äù said an army reservist who voted for Viktor Orban‚Äôs party. ‚ÄúThey are unwilli‚Ä¶",@nytimes
64,-0.7717,2018-04-09 10:17:02,0.325,0.675,0.0,64,Six men suspected of plotting a possible attack on the Berlin half-marathon on Sunday were detained by the police https://t.co/kYJl4HlJs6,@nytimes
65,0.0,2018-04-09 10:07:07,0.0,1.0,0.0,65,Morning¬†Briefing: Here's what you need to know to start your day https://t.co/RNNICDJiOs https://t.co/fTtErIRrGA,@nytimes
66,0.2732,2018-04-09 10:00:19,0.0,0.9,0.1,66,"As marijuana use has increased, ER doctors say they've been seeing a steady flow of patients with the telltale symp‚Ä¶ https://t.co/7auDlDfWBv",@nytimes
67,-0.6597,2018-04-09 09:44:01,0.252,0.748,0.0,67,Syria and Russia blamed Israel for early morning airstrikes on a Syrian military base that a conflict monitoring gr‚Ä¶ https://t.co/GtFjYhkZ8d,@nytimes
68,-0.7003,2018-04-09 09:29:01,0.266,0.734,0.0,68,"The reported chemical attack in Syria seems to have squeezed President Trump between conflicting impulses, and rais‚Ä¶ https://t.co/mRlcTrwBJA",@nytimes
69,0.5267,2018-04-09 09:16:04,0.0,0.815,0.185,69,"Viktor Orban, who has set about transforming Hungary from a vibrant democracy into a semi-autocratic state, appeare‚Ä¶ https://t.co/Vx2IWPCgzc",@nytimes
70,0.2776,2018-04-09 08:59:04,0.064,0.823,0.113,70,"Modern Love: ""I‚Äôm not sure it‚Äôs possible to justify my liaisons with married men, but what I learned from having th‚Ä¶ https://t.co/PJh6QfzZ26",@nytimes
71,0.4215,2018-04-09 08:46:02,0.0,0.872,0.128,71,North Korea has told the United States that Kim Jong-un is willing to discuss denuclearization of the Korean Penins‚Ä¶ https://t.co/B5jGai0g4G,@nytimes
72,0.0258,2018-04-09 08:31:05,0.0,0.939,0.061,72,Many people taking antidepressants are saying they cannot quit because of withdrawal symptoms they were never warne‚Ä¶ https://t.co/CeaWbLe2qw,@nytimes
73,-0.34,2018-04-09 08:16:06,0.149,0.766,0.086,73,Consumer groups said YouTube failed to comply with a federal law that requires companies to obtain consent from par‚Ä¶ https://t.co/prqzE2SYC7,@nytimes
74,0.4215,2018-04-09 07:59:03,0.0,0.859,0.141,74,Jeff Sessions appointed a United States attorney to handle document production for an inquiry into the FBI's handli‚Ä¶ https://t.co/wlGVcDXzjw,@nytimes
75,0.0,2018-04-09 07:44:04,0.0,1.0,0.0,75,"RT @nytimesworld: J√∂rg Braunsdorf will order books from some right-wing publishers at the request of customers at his Berlin bookstore, but‚Ä¶",@nytimes
76,-0.25,2018-04-09 07:30:15,0.182,0.818,0.0,76,"Sri Reddy, an Indian actress, staged a topless #MeToo protest https://t.co/NUrkj4zdMZ",@nytimes
77,0.2732,2018-04-09 07:21:00,0.0,0.9,0.1,77,"As marijuana use has increased, ER doctors say they've been seeing a steady flow of patients with the telltale symp‚Ä¶ https://t.co/cRx05Eb2fu",@nytimes
78,-0.5859,2018-04-09 07:04:56,0.286,0.714,0.0,78,A look at some of the major episodes of suspected chemical attacks in Syria https://t.co/n6YplhtWrB,@nytimes
79,0.2732,2018-04-09 06:48:38,0.0,0.826,0.174,79,Here's how to start a fitness routine ‚Äì and stick to it https://t.co/WvY6hDtVYB,@nytimes
80,0.0,2018-04-09 06:32:05,0.0,1.0,0.0,80,RT @gabrieldance: we‚Äôve talked with cambridge analytica. we‚Äôve talked w chris wylie. we‚Äôve talked with kogan about his infamous app. we‚Äôve‚Ä¶,@nytimes
81,0.6124,2018-04-09 06:09:41,0.0,0.792,0.208,81,"Is the doctor in? In this new medical age of urgent care centers and retail clinics, that‚Äôs not a simple question. https://t.co/AyGCxjbUTp",@nytimes
82,-0.5574,2018-04-09 05:51:57,0.315,0.55,0.135,82,15 Lives Devoted to Hockey: A Look at Who Died in a Crash in Canada https://t.co/FHzwWleWQ6,@nytimes
83,0.3612,2018-04-09 05:41:01,0.117,0.675,0.209,83,"Justice Dept., Pressured by Trump, Seeks to Speed Response to Congressional Inquiry https://t.co/khY6xcbzcN",@nytimes
84,0.5994,2018-04-09 05:38:46,0.0,0.754,0.246,84,"Have a craving for craving for deep, dark pools of warm chocolate, sweet pecans and fragrant coconut? https://t.co/6J9sNLn1pS",@nytimes
85,0.2732,2018-04-09 05:22:17,0.0,0.826,0.174,85,Here's how to start a fitness routine ‚Äì and stick to it https://t.co/4w3uf4LhhZ,@nytimes
86,-0.1027,2018-04-09 05:04:14,0.188,0.68,0.132,86,"Michigan will stop providing free bottled water to the city of Flint. City officials criticized the move, noting th‚Ä¶ https://t.co/FKlz64hQeR",@nytimes
87,0.0258,2018-04-09 04:46:38,0.0,0.939,0.061,87,Many people taking antidepressants are saying they cannot quit because of withdrawal symptoms they were never warne‚Ä¶ https://t.co/2qZnmp8U21,@nytimes
88,-0.2263,2018-04-09 04:29:11,0.113,0.821,0.067,88,"Once you immerse yourself in the tasty, convenient world of sheet-pan suppers, you won‚Äôt want to stop https://t.co/Zfz56ScoJu",@nytimes
89,-0.1531,2018-04-09 04:12:01,0.074,0.926,0.0,89,Their data was swept up for Cambridge Analytica. Some of the first known affected Facebook users to be publicly ide‚Ä¶ https://t.co/TPOpwz0ypP,@nytimes
90,0.0,2018-04-09 03:52:37,0.0,1.0,0.0,90,"For Luigi Di Maio, It‚Äôs Now or Never to Lead Italy. Unless It‚Äôs Later. https://t.co/z7ZQwMG4sB",@nytimes
91,0.0,2018-04-09 03:48:06,0.0,1.0,0.0,91,"NYT journalists scoured old Islamic State offices in Iraq, gathering over 15,000 pages of internal records abandone‚Ä¶ https://t.co/ITQZbJsbmK",@nytimes
92,0.3254,2018-04-09 03:30:11,0.0,0.896,0.104,92,RT @AllMattNYT: SCOOP: ‚ÄúYou are the product‚Äù ‚Äî @NYTimes found Facebook users whose data was harvested by Cambridge Analytica. They are the‚Ä¶,@nytimes
93,-0.4404,2018-04-09 03:22:03,0.26,0.606,0.134,93,Friends of Todd Brassner remember the man who died in a fire at Trump Tower on Saturday https://t.co/69sA8IQbf8,@nytimes
94,0.4019,2018-04-09 03:09:28,0.0,0.748,0.252,94,Pyongyang Welcomes Hundreds of Foreigners for Yearly Marathon https://t.co/HA0Qam6afq,@nytimes
95,0.6124,2018-04-09 03:02:57,0.0,0.792,0.208,95,"Is the doctor in? In this new medical age of urgent care centers and retail clinics, that‚Äôs not a simple question. https://t.co/zas6Z1fKBR",@nytimes
96,-0.6908,2018-04-09 02:45:12,0.207,0.793,0.0,96,The tiny elevator in a Brooklyn housing project will forever be tainted by the murder of a 6-year-old inside nearly‚Ä¶ https://t.co/EyJA7ZTETJ,@nytimes
97,0.0,2018-04-09 02:26:53,0.0,1.0,0.0,97,"South Carolina's former first lady, Jenny Sanford, wasn‚Äôt looking to remarry after her high-profile divorce, until‚Ä¶ https://t.co/VoB54wj2x8",@nytimes
98,0.2776,2018-04-09 02:07:29,0.064,0.823,0.113,98,"Modern Love: ""I‚Äôm not sure it‚Äôs possible to justify my liaisons with married men, but what I learned from having th‚Ä¶ https://t.co/m9V38iZ3hx",@nytimes
99,0.4215,2018-04-09 01:51:57,0.0,0.797,0.203,99,Review: ‚ÄòMean Girls‚Äô Sets the Perils of Being Popular to Song https://t.co/ocyCL7g1JL,@nytimes
